julian_date,date_time,eccentricity,semi_major_axis,inclination,ascending_node,arg_perihelion,mean_anomaly,aphelion,perihelion,orbital_period,mean_motion,date
2460341.5,A.D. 2024-Feb-01 00:00:00.0000,0.04744182431388484,5.186678655436561,1.30361081576623,100.4986115792825,271.9314134631028,32.80986887142382,5.432744152980359,4.940613157892764,4317.800612034544,0.08337578140977848,2024-02-01
2460342.5,A.D. 2024-Feb-02 00:00:00.0000,0.04752004306449976,5.187404367314475,1.303503873659509,100.5046464862055,272.0780480225771,32.74719275235434,5.433910046242232,4.940898688386717,4318.706853486182,0.08335828575847834,2024-02-02
2460343.5,A.D. 2024-Feb-03 00:00:00.0000,0.04765731981604218,5.187667306500135,1.303841466639046,100.4856421319145,271.9493275028792,32.95832329337986,5.434897626425238,4.940436986575031,4319.035217607931,0.08335194826204347,2024-02-03
2460344.5,A.D. 2024-Feb-04 00:00:00.0000,0.04771151017552286,5.188530397344031,1.303568910271979,100.5009354716102,272.1865968153604,32.80487595034619,5.436083018192919,4.940977776495141,4320.113122543261,0.08333115124264781,2024-02-04
2460345.5,A.D. 2024-Feb-05 00:00:00.0000,0.04785463128240819,5.189472080417146,1.303554107387456,100.5017548513173,272.3049649041636,32.76902376799035,5.437812353375859,4.941131807458432,4321.289282747872,0.08330847033019714,2024-02-05
2460346.5,A.D. 2024-Feb-06 00:00:00.0000,0.04751467930882662,5.187630966635624,1.303358549886034,100.5126810530603,272.1720488231759,32.98668141809161,5.434119588387853,4.941142344883397,4318.989835106372,0.08335282409645531,2024-02-06
2460347.5,A.D. 2024-Feb-07 00:00:00.0000,0.04767659543746111,5.18853548902346,1.30343316664428,100.5085157577239,272.2459310052665,32.99526663113705,5.435907196446542,4.941163781600379,4320.119481753336,0.0833310285793051,2024-02-07
2460348.5,A.D. 2024-Feb-08 00:00:00.0000,0.04749072244983353,5.18718222941366,1.303489870038438,100.5053871652449,272.0403916958887,33.28338874994943,5.433525260967452,4.940839197859868,4318.429449373386,0.08336364046707694,2024-02-08
2460349.5,A.D. 2024-Feb-09 00:00:00.0000,0.04757057892868244,5.187903815868308,1.303392138081543,100.510776892998,272.1816654899807,33.22602679314716,5.434695403815485,4.941112227921129,4319.330582713083,0.08334624847674306,2024-02-09
2460350.5,A.D. 2024-Feb-10 00:00:00.0000,0.04759084775513148,5.187435435535924,1.303714874869697,100.4930147098995,271.9728274711611,33.51756904516727,5.434309885588088,4.940560985483761,4318.745651717138,0.08335753689427476,2024-02-10
2460351.5,A.D. 2024-Feb-11 00:00:00.0000,0.04767024161633046,5.188411839980661,1.303473661461733,100.5062465465389,272.2092996719132,33.36493600601231,5.435744685997568,4.941078993963755,4319.965052206516,0.0833340074860379,2024-02-11
2460352.5,A.D. 2024-Feb-12 00:00:00.0000,0.04776885811147664,5.188953859901636,1.303514873899808,100.503986253753,272.2507204127815,33.40570741813206,5.436824260582276,4.941083459220995,4320.642013193853,0.08332095065980369,2024-02-12
2460353.5,A.D. 2024-Feb-13 00:00:00.0000,0.04744115675145347,5.18725022235727,1.303284538770604,100.5165646000313,272.1463830097651,33.59507736317186,5.433339373265133,4.941161071449407,4318.514357810926,0.08336200141348737,2024-02-13
2460354.5,A.D. 2024-Feb-14 00:00:00.0000,0.04759310947134793,5.187901894986166,1.303455980918115,100.5072280618754,272.1429484205297,33.68038417007116,5.434810277800855,4.940993512171477,4319.328183789209,0.08334629476665127,2024-02-14
2460355.5,A.D. 2024-Feb-15 00:00:00.0000,0.04740178390949393,5.186526297893613,1.303498006670702,100.5049652214602,271.9378151906133,33.9680795417005,5.432376896707274,4.940675699079952,4317.610361768964,0.08337945526249496,2024-02-15
2460356.5,A.D. 2024-Feb-16 00:00:00.0000,0.0475507134798471,5.187538073949487,1.303480526993271,100.5058969148307,272.0747012358894,33.91419706638749,5.434209210569656,4.940866937329316,4318.873828173615,0.08335506299155732,2024-02-16
2460357.5,A.D. 2024-Feb-17 00:00:00.0000,0.04754248146018448,5.186872609643756,1.303803142596014,100.4885446938708,271.8419240807175,34.22953154705939,5.433469404524083,4.940275814763428,4318.042808480251,0.08337110491192724,2024-02-17
2460358.5,A.D. 2024-Feb-18 00:00:00.0000,0.04772886563750997,5.188461427662261,1.303612498581921,100.498761509962,272.1314641391795,34.02331318913448,5.436100806008556,4.940822049315966,4320.026983748376,0.0833328128167471,2024-02-18
2460359.5,A.D. 2024-Feb-19 00:00:00.0000,0.04784372295129568,5.189079241573624,1.303668706689525,100.4957536598808,272.1755745197178,34.06109121524857,5.437344111179791,4.940814371967457,4320.798614873142,0.08331793080121822,2024-02-19
2460360.5,A.D. 2024-Feb-20 00:00:00.0000,0.04759088217244219,5.188020437524286,1.303356897697199,100.5123893772326,272.1874804395395,34.1346226415118,5.434922906874726,4.941117968173845,4319.47622833433,0.08334343817857348,2024-02-20
2460361.5,A.D. 2024-Feb-21 00:00:00.0000,0.04773328954824547,5.188596262395336,1.303538920999955,100.5027018997869,272.1732168632627,34.23074674864467,5.436265030137196,4.940927494653477,4320.195384384389,0.08332956451489254,2024-02-21
2460362.5,A.D. 2024-Feb-22 00:00:00.0000,0.04753351815250309,5.187366654193896,1.303477787880387,100.5059544420527,272.0362878485905,34.45099138296669,5.433940441214713,4.94079286717308,4318.659757210836,0.08335919480549736,2024-02-22
2460363.5,A.D. 2024-Feb-23 00:00:00.0000,0.04769406276040749,5.188450855834004,1.303464565830336,100.5066393501093,272.1809558839416,34.38918825826714,5.43590915658144,4.940992555086569,4320.01378025037,0.08333306751145035,2024-02-23
2460364.5,A.D. 2024-Feb-24 00:00:00.0000,0.04759351284566574,5.187349977587324,1.3037018096832,100.4941657502518,271.9369928365837,34.71656341072904,5.434234185380588,4.940465769794059,4318.638931461488,0.08335959678809522,2024-02-24
2460365.5,A.D. 2024-Feb-25 00:00:00.0000,0.04779937730296257,5.189036338807732,1.303534885962427,100.502910975709,272.2301497529979,34.50678372023301,5.437069044605185,4.941003633010278,4320.74502911554,0.08331896410783865,2024-02-25
2460366.5,A.D. 2024-Feb-26 00:00:00.0000,0.04784025323400589,5.189190577219663,1.303581490479653,100.5004750962526,272.2218375362936,34.5973289179373,5.437442768513369,4.940938385925957,4320.937674655183,0.08331524939866866,2024-02-26
2460367.5,A.D. 2024-Feb-27 00:00:00.0000,0.04760172751292618,5.188314056403292,1.303224255426862,100.5191130743447,272.2749347124473,34.63013040181585,5.435286768367686,4.941341344438897,4319.842928233042,0.08333636337727952,2024-02-27
2460368.5,A.D. 2024-Feb-28 00:00:00.0000,0.04766713395664854,5.188290600068244,1.303455131788801,100.5071001651565,272.1643365992259,34.82261078019022,5.435601543107719,4.94097965702877,4319.8136332923,0.08333692852523127,2024-02-28
2460369.5,A.D. 2024-Feb-29 00:00:00.0000,0.04744788923319462,5.186978363518901,1.303367367835472,100.5116603782089,272.0265551177974,35.04403786991404,5.433089538366124,4.940867188671678,4318.174868429096,0.08336855522735326,2024-02-29
2460370.5,A.D. 2024-Mar-01 00:00:00.0000,0.04761172419256797,5.187893201522982,1.303448438972519,100.5074588393078,272.1049156482459,35.04769243708825,5.434897741774393,4.940888661271572,4319.317326826537,0.08334650426448223,2024-03-01
2460371.5,A.D. 2024-Mar-02 00:00:00.0000,0.04746634321104395,5.186504965675654,1.303674148506711,100.4958555620479,271.827442080208,35.40867404771965,5.432689390442199,4.940320540909109,4317.583724255152,0.08337996967554007,2024-03-02
2460372.5,A.D. 2024-Mar-03 00:00:00.0000,0.04774295367681779,5.188442119613065,1.303621421965264,100.4985460427403,272.101954338256,35.21651581202236,5.436153671384601,4.94073056784153,4320.002869311825,0.08333327798399075,2024-03-03
2460373.5,A.D. 2024-Mar-04 00:00:00.0000,0.04778696448647863,5.188545945925081,1.303700297927646,100.4945173602175,272.0713959165838,35.32890195191437,5.436490806779465,4.940601085070697,4320.132541822193,0.08333077666366116,2024-03-04
2460374.5,A.D. 2024-Mar-05 00:00:00.0000,0.04765788851269381,5.188390796330163,1.303340701612628,100.512855251209,272.2120148726107,35.273743098279,5.435658546461952,4.941123046198372,4319.938770250104,0.08333451447950908,2024-03-05
2460375.5,A.D. 2024-Mar-06 00:00:00.0000,0.04771564991074651,5.188264698936932,1.303596194658605,100.4998628154532,272.0789260261396,35.4884817574716,5.435826120955692,4.940703276918172,4319.781285088678,0.08333755258458872,2024-03-06
2460376.5,A.D. 2024-Mar-07 00:00:00.0000,0.04755366213962666,5.187446293753793,1.303448088434892,100.5073763048184,272.0303505612542,35.62090577652033,5.434128362174421,4.940764225333166,4318.759211569495,0.08335727517190548,2024-03-07
2460377.5,A.D. 2024-Mar-08 00:00:00.0000,0.04774337567665277,5.188481055490703,1.303554861564758,100.5019704432651,272.1131521572825,35.61959760814534,5.436196655714192,4.940765455267213,4320.051497613384,0.0833323399498553,2024-03-08
2460378.5,A.D. 2024-Mar-09 00:00:00.0000,0.04757231033687424,5.187130756377742,1.303674380859579,100.4959699899797,271.8901944268866,35.92684551771672,5.433894550478088,4.940366962277396,4318.365171087154,0.08336488132368147,2024-03-09
2460379.5,A.D. 2024-Mar-10 00:00:00.0000,0.04788162212706337,5.189233790268712,1.303656176668213,100.4968673185036,272.1739780299041,35.72516969657504,5.437702721743348,4.940764858794077,4320.991648760863,0.08331420869633888,2024-03-10
2460380.5,A.D. 2024-Mar-11 00:00:00.0000,0.04787670513126727,5.189142927323281,1.303672807415875,100.4960431404325,272.1486125474713,35.83308356905,5.437581993138738,4.940703861507823,4320.878159084281,0.08331639697896374,2024-03-11
2460381.5,A.D. 2024-Mar-12 00:00:00.0000,0.04778938016851163,5.189359862544968,1.303267622074813,100.5162509055641,272.3556632126263,35.71181579789608,5.437356153847344,4.941363571242591,4321.149117257241,0.083311172614312,2024-03-12
2460382.5,A.D. 2024-Mar-13 00:00:00.0000,0.04774851792966142,5.188643805454203,1.303494320430084,100.5049770188431,272.1632297606641,35.9867081451646,5.43639385722956,4.940893753678846,4320.254763385065,0.08332841920598401,2024-03-13
2460383.5,A.D. 2024-Mar-14 00:00:00.0000,0.04757423247305203,5.187849929877464,1.303294843720983,100.5148720051976,272.1406349033068,36.09382463303002,5.43465790847676,4.941041951278167,4319.263286514434,0.08334754705136609,2024-03-14
2460384.5,A.D. 2024-Mar-15 00:00:00.0000,0.04770689058180056,5.188401939535811,1.303453243382977,100.5070333485409,272.1386131622924,36.17714994338818,5.435924463159649,4.940879415911972,4319.952687279635,0.08333424601154592,2024-03-15
2460385.5,A.D. 2024-Mar-16 00:00:00.0000,0.04748005165308695,5.18677408966571,1.303522063149957,100.503659509984,271.9003029929017,36.5003853134351,5.433042391355931,4.94050578797549,4317.91978305782,0.08337348030700534,2024-03-16
2460386.5,A.D. 2024-Mar-17 00:00:00.0000,0.04778892114439345,5.188640506403939,1.30362579704641,100.4985512767279,272.1027846654255,36.379202537029,5.436600038411083,4.940680974396795,4320.250643020702,0.08332849867902326,2024-03-17
2460387.5,A.D. 2024-Mar-18 00:00:00.0000,0.0477544316708806,5.188309808922093,1.303661106807641,100.4968334913448,272.0369075809807,36.52761389671075,5.436074595179623,4.940545022664564,4319.83762349021,0.08333646571399093,2024-03-18
2460388.5,A.D. 2024-Mar-19 00:00:00.0000,0.0477526739157144,5.188968545176713,1.303318550131136,100.5135390609938,272.2693264932994,36.38004515787538,5.436755668073434,4.941181422279992,4320.660355001203,0.08332059695071768,2024-03-19
2460389.5,A.D. 2024-Mar-20 00:00:00.0000,0.0476781561303295,5.187967157732911,1.303569983897516,100.5013142685956,272.028160372109,36.70358283452281,5.435319865878323,4.940614449587499,4319.409688445698,0.0833447220723216,2024-03-20
2460390.5,A.D. 2024-Mar-21 00:00:00.0000,0.04758207031010876,5.187669056174106,1.303380630298154,100.5104966263291,272.0626335515294,36.75315524970935,5.434509089950558,4.940829022397653,4319.037402666369,0.08335190609318481,2024-03-21
2460391.5,A.D. 2024-Mar-22 00:00:00.0000,0.04772834840315607,5.188187739511871,1.30359624414812,100.5000685366116,272.0310743559389,36.86520010722388,5.435811371524276,4.940564107499466,4319.685170104996,0.08333940688349971,2024-03-22
2460392.5,A.D. 2024-Mar-23 00:00:00.0000,0.04753712806006283,5.18692607401158,1.303594902846926,100.5001470200563,271.868729260651,37.11261292867101,5.433497643029948,4.940354504993212,4318.109571838812,0.0833698158906835,2024-03-23
2460393.5,A.D. 2024-Mar-24 00:00:00.0000,0.04788316763410697,5.188909953971198,1.303769649968814,100.4917428129478,272.0598208909804,37.00201773621017,5.437371399135486,4.940448508806909,4320.587175144167,0.08332200819162679,2024-03-24
2460394.5,A.D. 2024-Mar-25 00:00:00.0000,0.04785469628893013,5.188752806456714,1.303739773242153,100.4931828436127,272.0457498095536,37.09906791641723,5.437058996128033,4.940446616785396,4320.390901437073,0.0833257934786074,2024-03-25
2460395.5,A.D. 2024-Mar-26 00:00:00.0000,0.04793218193289399,5.189965273613113,1.303388312830338,100.5099426564121,272.3524542391872,36.87685023089184,5.438731633333339,4.941198913892888,4321.905322609385,0.08329659562802433,2024-03-26
2460396.5,A.D. 2024-Mar-27 00:00:00.0000,0.04779135765794566,5.188697822578934,1.303553280501196,100.5021027007578,272.1169972207224,37.19581348376037,5.436672735996807,4.940722909161061,4320.322228513686,0.08332711796912662,2024-03-27
2460397.5,A.D. 2024-Mar-28 00:00:00.0000,0.0477201299321181,5.188684163148904,1.303310082443421,100.5136362396668,272.2129198402214,37.18445185709434,5.436288845591095,4.941079480706714,4320.305168423939,0.08332744701257505,2024-03-28
2460398.5,A.D. 2024-Mar-29 00:00:00.0000,0.04779214812506417,5.188734783924987,1.303512726883204,100.5040498806752,272.127623152928,37.35074157992521,5.436715565300004,4.940754002549971,4320.368391890737,0.08332622761422712,2024-03-29
2460399.5,A.D. 2024-Mar-30 00:00:00.0000,0.04756897827030805,5.187442164943522,1.303420423493027,100.5084117811341,271.9996723104086,37.56471699754584,5.434203488566202,4.940680841320843,4318.754055467773,0.08335737469102246,2024-03-30
2460400.5,A.D. 2024-Mar-31 00:00:00.0000,0.04785655031849675,5.188894849297601,1.303670275086219,100.4966613563364,272.0930706726298,37.55173105784951,5.437217456750401,4.940572241844801,4320.568309617849,0.08332237201263963,2024-03-31
2460401.5,A.D. 2024-Apr-01 00:00:00.0000,0.04778190147613471,5.188484625986067,1.303613844631465,100.4993141919448,272.0572553413872,37.67117937911561,5.436400287195372,4.940568964776762,4320.055956931922,0.08333225393118979,2024-04-01
2460402.5,A.D. 2024-Apr-02 00:00:00.0000,0.04789291764671694,5.189768294919431,1.303340170434713,100.5120789938276,272.3388938207233,37.47325680783571,5.43832144047355,4.941215149365313,4321.659276111383,0.0833013379814447,2024-04-02
2460403.5,A.D. 2024-Apr-03 00:00:00.0000,0.04768440713712876,5.188069262220323,1.303489123252109,100.5051573822878,272.0516803556138,37.84459983984163,5.43545926917566,4.940679255264986,4319.537204658331,0.08334226166908905,2024-04-03
2460404.5,A.D. 2024-Apr-04 00:00:00.0000,0.04766289294169096,5.188273662272453,1.30330321548515,100.5137791583398,272.1504891497893,37.82969432974495,5.43556179438954,4.940985530155364,4319.792479486422,0.08333733662196666,2024-04-04
2460405.5,A.D. 2024-Apr-05 00:00:00.0000,0.04770365766881346,5.187981458787457,1.303564402976656,100.5016971431024,271.9939863081329,38.06671554324102,5.435467150289605,4.940495767285308,4319.427548665583,0.08334437745372442,2024-04-05
2460406.5,A.D. 2024-Apr-06 00:00:00.0000,0.04753452349473081,5.187063440388454,1.303458805660013,100.5065736705471,271.9163970703785,38.22986751278248,5.433628029364258,4.94049885141265,4318.281108984002,0.08336650415162532,2024-04-06
2460407.5,A.D. 2024-Apr-07 00:00:00.0000,0.04782797575081403,5.1883450826162,1.303812659780378,100.4903047361094,271.9470435683294,38.27860049417664,5.436493125414422,4.940197039817979,4319.881677400499,0.08333561585340249,2024-04-07
2460408.5,A.D. 2024-Apr-08 00:00:00.0000,0.04779924592279067,5.188285911514539,1.303734434363933,100.4938962966228,271.9658688018454,38.34319186526138,5.436282065716773,4.940289757312305,4319.807777700777,0.08333704149021429,2024-04-08
2460409.5,A.D. 2024-Apr-09 00:00:00.0000,0.04800131144073713,5.190065688622973,1.303520468523258,100.5036515975915,272.2871116448985,38.10438595375317,5.439195648140447,4.940935729105499,4322.030753004928,0.08329417826324051,2024-04-09
2460410.5,A.D. 2024-Apr-10 00:00:00.0000,0.0477826669513769,5.188479937187863,1.303576319720072,100.5011229966864,272.0532941395039,38.42311548602954,5.436399346010411,4.940560528365316,4320.050100925545,0.08333236689150252,2024-04-10
2460411.5,A.D. 2024-Apr-11 00:00:00.0000,0.04782806422353304,5.189167277880732,1.303379298640541,100.5100571634773,272.2216156568886,38.33842158720056,5.43735510371387,4.940979452047594,4320.908573330938,0.08331581052696986,2024-04-11
2460412.5,A.D. 2024-Apr-12 00:00:00.0000,0.04782077375587673,5.188660247933934,1.303586623011789,100.5006791912977,272.0609593592579,38.5802932481252,5.436785995746495,4.940534500121375,4320.27529931709,0.08332802311392182,2024-04-12
2460413.5,A.D. 2024-Apr-13 00:00:00.0000,0.04767576881191696,5.188093160117203,1.303389252295521,100.5095861505807,272.0674911038189,38.65986534426552,5.435439490193639,4.940746830040767,4319.567050435731,0.08334168582096334,2024-04-13
2460414.5,A.D. 2024-Apr-14 00:00:00.0000,0.04789517393593323,5.188861097999845,1.303755805030486,100.4930999104583,272.0290904318848,38.77816972310617,5.437382502817945,4.940339693181745,4320.526154817665,0.08332318497796311,2024-04-14
2460415.5,A.D. 2024-Apr-15 00:00:00.0000,0.04784474464712033,5.188802635428809,1.303610960379372,100.4995977725052,272.0769604513632,38.81464803776768,5.437059572545205,4.940545698312413,4320.45313637942,0.08332459319340825,2024-04-15
2460416.5,A.D. 2024-Apr-16 00:00:00.0000,0.04804284270896173,5.190457307461316,1.303449490518088,100.5067979703629,272.3606632366539,38.61307536925997,5.43982163147126,4.941092983451372,4322.519943515999,0.08328475165048536,2024-04-16
2460417.5,A.D. 2024-Apr-17 00:00:00.0000,0.04775350755177027,5.188563419087587,1.303421458914436,100.50806218241,272.1193202723105,38.94075487481675,5.436335521503826,4.94079131667135,4320.154364826834,0.08333035572316407,2024-04-17
2460418.5,A.D. 2024-Apr-18 00:00:00.0000,0.04780533653974107,5.189186769652079,1.30328108215704,100.514286962165,272.2567589235972,38.88667744472891,5.437257589542869,4.94111594976129,4320.932918925279,0.08331534109757498,2024-04-18
2460419.5,A.D. 2024-Apr-19 00:00:00.0000,0.04772100304253466,5.188133376002173,1.30349622332254,100.5047675743386,272.0189133475371,39.20628479986128,5.435716304623448,4.940550447380898,4319.617275694674,0.08334071678655959,2024-04-19
2460420.5,A.D. 2024-Apr-20 00:00:00.0000,0.04760990422192617,5.187747221315967,1.303317644882288,100.5126502587267,272.038223889511,39.27255081812462,5.434735369650384,4.94075907298155,4319.135018601188,0.08335002227288349,2024-04-20
2460421.5,A.D. 2024-Apr-21 00:00:00.0000,0.04777411587840827,5.187950296154253,1.303773826990627,100.4925815104463,271.889577216488,39.50070702699254,5.435800034774148,4.940100557534358,4319.388630484606,0.0833451283960088,2024-04-21
2460422.5,A.D. 2024-Apr-22 00:00:00.0000,0.04776863058330181,5.188140306202565,1.30365575413006,100.4977626021011,271.9588758469824,39.51515189817538,5.435970663903894,4.940309948501237,4319.625930779605,0.08334054979965064,2024-04-22
2460423.5,A.D. 2024-Apr-23 00:00:00.0000,0.04802078194869924,5.189921199899111,1.303611655710136,100.4996762861275,272.2125228688705,39.34198886371063,5.439145274170398,4.940697125627824,4321.85026963561,0.08329765668405556,2024-04-23
2460424.5,A.D. 2024-Apr-24 00:00:00.0000,0.04775896613241872,5.188321915107128,1.303523254649687,100.5035434687878,272.0304987439942,39.61052525186955,5.436110805734815,4.940533024479441,4319.852743091591,0.08333617403410809,2024-04-24
2460425.5,A.D. 2024-Apr-25 00:00:00.0000,0.04788579743746514,5.189334012101222,1.303443755353938,100.5069849552489,272.1963686090139,39.52684612024154,5.43782940944005,4.940838614762393,4321.116829031134,0.08331179513161135,2024-04-25
2460426.5,A.D. 2024-Apr-26 00:00:00.0000,0.04779101690396007,5.188304348058471,1.303607847735166,100.4998878488108,271.981924595882,39.82342521231088,5.436258688859422,4.940350007257519,4319.830803339102,0.08333659728564614,2024-04-26
2460427.5,A.D. 2024-Apr-27 00:00:00.0000,0.04775723370674465,5.188513563741693,1.30339377626936,100.5091266671045,272.0939181257368,39.79643612645781,5.43630261859592,4.940724508887467,4320.092098379828,0.0833315567820907,2024-04-27
2460428.5,A.D. 2024-Apr-28 00:00:00.0000,0.04786709182601994,5.188400339937055,1.303825498331782,100.4905513854429,271.9161425156439,40.05431964627101,5.436753975438976,4.940046704435134,4319.950689499637,0.08333428454983069,2024-04-28
2460429.5,A.D. 2024-Apr-29 00:00:00.0000,0.04789410296056709,5.188948327970693,1.303647873678952,100.4981707860443,272.0592853185757,39.99525989172459,5.437468353447583,4.940428302493802,4320.635103856966,0.083321083902372,2024-04-29
2460430.5,A.D. 2024-Apr-30 00:00:00.0000,0.04813706974939981,5.190626525408828,1.303628494215279,100.4989875098284,272.2910353394752,39.84387718857941,5.440488076505519,4.940764974312138,4322.731327755723,0.08328067897453735,2024-04-30
2460431.5,A.D. 2024-May-01 00:00:00.0000,0.04785013208994652,5.189130678466809,1.303408689394498,100.5083730979666,272.1744864955602,40.04846398233086,5.437431266863439,4.940830090070179,4320.862860088114,0.0833166919795873,2024-05-01
2460432.5,A.D. 2024-May-02 00:00:00.0000,0.04796121789070624,5.189992892017396,1.303356713790386,100.510570080961,272.3116081147681,39.99371707447126,5.43891127196266,4.941074512072132,4321.939821189138,0.08329593073809845,2024-05-02
2460433.5,A.D. 2024-May-03 00:00:00.0000,0.04778323496441887,5.188541704299468,1.303450994442417,100.5065855803461,272.068175194176,40.32083409396572,5.436467011678697,4.940616396920241,4320.127244274108,0.08333087884787273,2024-05-03
2460434.5,A.D. 2024-May-04 00:00:00.0000,0.04775942077838129,5.188787374682817,1.303251392516656,100.5150130157272,272.1778425201004,40.29596499247948,5.436600854239846,4.940973895125788,4320.434076118113,0.08332496079270305,2024-05-04
2460435.5,A.D. 2024-May-05 00:00:00.0000,0.04776350098757653,5.187915142370422,1.303698784197036,100.4961785738624,271.8918104787979,40.66302126515728,5.435708132396495,4.94012215234435,4319.344728002419,0.08334597552867477,2024-05-05
2460436.5,A.D. 2024-May-06 00:00:00.0000,0.04780879097665169,5.188505176947226,1.303563856386911,100.5018403074539,272.0245892061123,40.61391431955127,5.436561336433171,4.940449017461281,4320.081623787415,0.08333175883014636,2024-05-06
2460437.5,A.D. 2024-May-07 00:00:00.0000,0.04803707694562161,5.189839992650244,1.303661350731213,100.497752513781,272.1655744501434,40.55233558726725,5.439144735712648,4.94053524958784,4321.748833356331,0.08329961177323185,2024-05-07
2460438.5,A.D. 2024-May-08 00:00:00.0000,0.0477810124026008,5.188603099185982,1.303412090210539,100.5081616918083,272.0901908597026,40.71568081466273,5.43651980822036,4.940686390151605,4320.203923191311,0.08332939981547675,2024-05-08
2460439.5,A.D. 2024-May-09 00:00:00.0000,0.04792460721901332,5.189458350165285,1.303470665076442,100.5057134084204,272.184342864882,40.70260023032708,5.438161103276387,4.940755597054184,4321.2721329251,0.08330880095633167,2024-05-09
2460440.5,A.D. 2024-May-10 00:00:00.0000,0.0477509644191236,5.188075784717976,1.303538348301211,100.5029198308271,271.957540058504,41.01318654533462,5.435811406917763,4.940340162518191,4319.545350515309,0.08334210450112604,2024-05-10
2460441.5,A.D. 2024-May-11 00:00:00.0000,0.04781381470647258,5.188801953470908,1.30338879615135,100.509091421289,272.1111429662113,40.94276206955276,5.436898368622749,4.940705538319068,4320.452284631746,0.083324609620283,2024-05-11
2460442.5,A.D. 2024-May-12 00:00:00.0000,0.04778623808769483,5.187755663358178,1.303809091535104,100.4917892159965,271.812305889882,41.32297068235749,5.435658990628198,4.939852336088158,4319.145561424522,0.08334981881955057,2024-05-12
2460443.5,A.D. 2024-May-13 00:00:00.0000,0.04790781360617948,5.188869145666001,1.303678890162532,100.4971295957548,272.0166051062472,41.20146171744035,5.437456521523423,4.940281769808577,4320.536206204165,0.08332299113314925,2024-05-13
2460444.5,A.D. 2024-May-14 00:00:00.0000,0.04813885759255213,5.190178212225213,1.303800483566379,100.4921478971823,272.1470723473784,41.15001852766176,5.440027462063489,4.940328962386937,4322.171309926882,0.08329146953827937,2024-05-14
2460445.5,A.D. 2024-May-15 00:00:00.0000,0.04793008214028834,5.189509874547253,1.30343501042081,100.5070686681995,272.1919028886034,41.19369405324272,5.43824350910214,4.940776239992368,4321.336489765526,0.08330756025424291,2024-05-15
2460446.5,A.D. 2024-May-16 00:00:00.0000,0.04806385046428047,5.190295240224883,1.3035011373813,100.5043672925706,272.27647780416,41.19037254876901,5.439760814516519,4.940829665933247,4322.317495055758,0.08328865253693168,2024-05-16
2460447.5,A.D. 2024-May-17 00:00:00.0000,0.04785160783247839,5.188907135280381,1.303447821181224,100.5065419410937,272.0962519343773,41.45606846243911,5.437204684596966,4.940609585963795,4320.583654636628,0.08332207608424998,2024-05-17
2460448.5,A.D. 2024-May-18 00:00:00.0000,0.04792227529475749,5.189690210069977,1.303298649720035,100.512563642698,272.2573466426514,41.37807115127909,5.438391973011457,4.940988447128496,4321.561741455077,0.08330321803496607,2024-05-18
2460449.5,A.D. 2024-May-19 00:00:00.0000,0.04778728122499265,5.188075079244434,1.303638712538456,100.4988685454714,271.9120555947623,41.80673039216681,5.435999082072663,4.940151076416203,4319.544469458924,0.08334212150039386,2024-05-19
2460450.5,A.D. 2024-May-20 00:00:00.0000,0.04790873591057333,5.189142194617181,1.303536757728223,100.5029575303209,272.1015575819089,41.69998875882219,5.43774743762151,4.940536951612852,4320.877243923421,0.0833164146253585,2024-05-20
2460451.5,A.D. 2024-May-21 00:00:00.0000,0.0480703829781802,5.189865684557285,1.303711726679862,100.4959486829411,272.1333552102148,41.74759710519177,5.439344515619268,4.940386853495301,4321.780925128001,0.08329899322449752,2024-05-21
2460452.5,A.D. 2024-May-22 00:00:00.0000,0.04788347917107906,5.189399791775751,1.303320454907572,100.5115764388038,272.2124163113104,41.75712261273097,5.437886308615647,4.940913274935853,4321.198990602938,0.08331021107402625,2024-05-22
2460453.5,A.D. 2024-May-23 00:00:00.0000,0.0479828373459882,5.189751551310535,1.303480868923754,100.5051818385916,272.2032056400657,41.84724471972165,5.438770555863159,4.940732546757911,4321.638361849831,0.08330174111234653,2024-05-23
2460454.5,A.D. 2024-May-24 00:00:00.0000,0.04776457090061747,5.188354044572188,1.303407559082614,100.5081025331755,272.0259283481849,42.11034018323883,5.436173549191661,4.940534539952714,4319.892870162034,0.0833353999323823,2024-05-24
2460455.5,A.D. 2024-May-25 00:00:00.0000,0.04787789680495214,5.189197965691362,1.303364495483054,100.50979449221,272.1542011799039,42.06347737427674,5.437645850393201,4.940750080989524,4320.946903012655,0.08331507146014695,2024-05-25
2460456.5,A.D. 2024-May-26 00:00:00.0000,0.04771188650844638,5.187396170542921,1.303680155561147,100.4973625261742,271.788819797367,42.51262625292977,5.434896627906213,4.939895713179629,4318.696617314969,0.08335848333421948,2024-05-26
2460457.5,A.D. 2024-May-27 00:00:00.0000,0.04790570136028962,5.188781580406846,1.303666110110959,100.4979053123471,271.9916942220478,42.39072050711172,5.437353801221587,4.940209359592104,4320.426839230602,0.08332510036534033,2024-05-27
2460458.5,A.D. 2024-May-28 00:00:00.0000,0.04806925978515628,5.189420337920841,1.303885131725892,100.4893287159519,271.9968741341627,42.46431229253516,5.43887193227873,4.939968743562952,4321.224653706437,0.0833097163072088,2024-05-28
2460459.5,A.D. 2024-May-29 00:00:00.0000,0.04798286725462279,5.189724775424192,1.303457048540035,100.5060457872407,272.192905518165,42.3558222084289,5.438742650411398,4.940706900436986,4321.604916448679,0.08330238579417237,2024-05-29
2460460.5,A.D. 2024-May-30 00:00:00.0000,0.0480846788361709,5.190062239575541,1.303633691054752,100.4991624989428,272.1777869397877,42.4516337442605,5.439624715505269,4.940499763645813,4322.026444710729,0.08329426129277062,2024-05-30
2460461.5,A.D. 2024-May-31 00:00:00.0000,0.04789541885488564,5.189094224506064,1.30345385036039,100.5061522617747,272.09931804341,42.61663408351615,5.43762806586625,4.940560383145878,4320.817328678843,0.0833175699445909,2024-05-31
2460462.5,A.D. 2024-Jun-01 00:00:00.0000,0.04803133714474494,5.190077962656249,1.303419966557358,100.5074515859602,272.2440725219559,42.55280431151986,5.439364347088103,4.940791578224397,4322.046084828405,0.08329388278938095,2024-06-01
2460463.5,A.D. 2024-Jun-02 00:00:00.0000,0.04780868794621333,5.188180749170011,1.303595596746508,100.5006920114715,271.9176682719183,42.96498415103522,5.436220863615633,4.940140634724391,4319.676439869871,0.08333957531570232,2024-06-02
2460464.5,A.D. 2024-Jun-03 00:00:00.0000,0.04800791452488814,5.189585046113546,1.303598285293431,100.5005777130019,272.1200824206364,42.8434597262823,5.438726201427004,4.940443890800089,4321.430383837399,0.08330575018550283,2024-06-03
2460465.5,A.D. 2024-Jun-04 00:00:00.0000,0.04809551883083582,5.189768929027311,1.303788192083911,100.4933047208993,272.074978168109,42.96871749753566,5.439373558281032,4.94016429977359,4321.660068169368,0.08330132271428141,2024-06-04
2460466.5,A.D. 2024-Jun-05 00:00:00.0000,0.0480384595531011,5.190354991224465,1.303326774718435,100.5109322525666,272.3211580667674,42.81014351413444,5.439691649536639,4.941018332912291,4322.392133449773,0.08328721432145446,2024-06-05
2460467.5,A.D. 2024-Jun-06 00:00:00.0000,0.04806159548999184,5.19011342036737,1.30352234600387,100.5034791101444,272.2203377767734,42.9927267043941,5.439558552124245,4.940668288610494,4322.090376106215,0.08329302922266174,2024-06-06
2460468.5,A.D. 2024-Jun-07 00:00:00.0000,0.0478592503081464,5.189148766594838,1.303300274277011,100.5119207139283,272.1566640634393,43.14378540861878,5.437497536301509,4.940799996888167,4320.885452423967,0.08331625634695872,2024-06-07
2460469.5,A.D. 2024-Jun-08 00:00:00.0000,0.04797352799960924,5.189777904434946,1.303360090145997,100.5096449073083,272.217677615554,43.16306815798541,5.438749860045109,4.940805948824783,4321.671279268959,0.0833011066174604,2024-06-08
2460470.5,A.D. 2024-Jun-09 00:00:00.0000,0.04770758638324576,5.187665581883969,1.303486710091247,100.504881698407,271.8744515893118,43.59307189551804,5.435156585759088,4.940174578008848,4319.033063842984,0.0833519898270192,2024-06-09
2460471.5,A.D. 2024-Jun-10 00:00:00.0000,0.04792745422079243,5.188937373236971,1.303619068014678,100.4998918309283,272.0138245007157,43.53304001801909,5.437629931647344,4.940244814826599,4320.62142149425,0.0833213477600861,2024-06-10
2460472.5,A.D. 2024-Jun-11 00:00:00.0000,0.04799115288758268,5.188845014091645,1.303855617223174,100.4910326322442,271.9132568031598,43.71354811640654,5.437863668472888,4.939826359710401,4320.506066336526,0.08332357239466943,2024-06-11
2460473.5,A.D. 2024-Jun-12 00:00:00.0000,0.04803477073238818,5.190003362959612,1.303453323345241,100.5060596660466,272.2161629513749,43.49608905890237,5.439303984599701,4.940702741319522,4321.952900630446,0.08329567866125669,2024-06-12
2460474.5,A.D. 2024-Jun-13 00:00:00.0000,0.04805180200131651,5.189636409988487,1.3036828148443,100.4975107092012,272.0854818578288,43.70818404386939,5.439007791220076,4.940265028756897,4321.494540978207,0.08330451342384687,2024-06-13
2460475.5,A.D. 2024-Jun-14 00:00:00.0000,0.04792306417653618,5.189256200663795,1.303426698928765,100.5070272573398,272.1143841579374,43.7659643699038,5.437941258596695,4.940571142730897,4321.019639955265,0.08331366899404488,2024-06-14
2460476.5,A.D. 2024-Jun-15 00:00:00.0000,0.04806472058917477,5.189973263891176,1.303531970365911,100.5031198931905,272.1719491202017,43.78763937149273,5.439427878685393,4.940518649096958,4321.915303380958,0.08329640326787023,2024-06-15
2460477.5,A.D. 2024-Jun-16 00:00:00.0000,0.04781167198872859,5.188216997283657,1.303529537526988,100.5032240484074,271.9229234701385,44.12433501779846,5.43627432656413,4.940159668003185,4319.721710188186,0.08333870192399889,2024-06-16
2460478.5,A.D. 2024-Jun-17 00:00:00.0000,0.04805207248394035,5.1895663423721,1.303697629994017,100.4970286220569,272.0638383417031,44.06206909861834,5.43893576041598,4.940196924328219,4321.407021610062,0.08330620054990141,2024-06-17
2460479.5,A.D. 2024-Jun-18 00:00:00.0000,0.04807832613763924,5.189381901795755,1.303859570920864,100.4911005023212,271.9789421263301,44.22821204654633,5.438878697323053,4.939885106268456,4321.176645216196,0.08331064188235437,2024-06-18
2460480.5,A.D. 2024-Jun-19 00:00:00.0000,0.04817830354941945,5.190979460549035,1.303441466671219,100.5063737587512,272.3490330188176,43.94291037876714,5.441072044718169,4.940886876379901,4323.172219538266,0.08327218572811092,2024-06-19
2460481.5,A.D. 2024-Jun-20 00:00:00.0000,0.04812239516247703,5.190250833696332,1.303606433521277,100.5003658288532,272.1920148028289,44.18321618821998,5.440018135307843,4.940483532084823,4322.262024597195,0.08328972143551372,2024-06-20
2460482.5,A.D. 2024-Jun-21 00:00:00.0000,0.04800044350193888,5.190069881626068,1.303286929726983,100.5119765335052,272.2722663269806,44.19049120337549,5.439195537750175,4.940944225501962,4322.035990595279,0.08329407732451963,2024-06-21
2460483.5,A.D. 2024-Jun-22 00:00:00.0000,0.0480808670428021,5.190301779034276,1.303420291152358,100.5071383507909,272.2523782485678,44.29036332206742,5.439855988784044,4.940747569284508,4322.325663035949,0.08328849514479673,2024-06-22
2460484.5,A.D. 2024-Jun-23 00:00:00.0000,0.04779033628591357,5.188483229155202,1.303322783284606,100.5106723861411,272.0252045450198,44.60677977111035,5.436442587490351,4.940523870820053,4320.054212380035,0.08333228758295284,2024-06-23
2460485.5,A.D. 2024-Jun-24 00:00:00.0000,0.04798953775040299,5.189328543740328,1.303592112945956,100.5009677858736,272.061475000838,44.64888477257443,5.438362021789397,4.940295065691259,4321.109998842519,0.08331192681890347,2024-06-24
2460486.5,A.D. 2024-Jun-25 00:00:00.0000,0.04796284244499183,5.188756624277532,1.303760201123944,100.4949495519185,271.9192334067059,44.87323100217161,5.437624140733163,4.939889107821901,4320.395669774081,0.08332570151354327,2024-06-25
2460487.5,A.D. 2024-Jun-26 00:00:00.0000,0.0481186334811459,5.190504355024286,1.303454213051803,100.5058783555727,272.2717577094007,44.60342884110216,5.440264331665991,4.940744378382583,4322.578714201707,0.08328361929355511,2024-06-26
2460488.5,A.D. 2024-Jun-27 00:00:00.0000,0.0480260050232285,5.189461195624621,1.303638907739042,100.4993025170122,272.0611801963963,44.89765478871232,5.438690285073537,4.940232106175705,4321.275687054931,0.08330873243714518,2024-06-27
2460489.5,A.D. 2024-Jun-28 00:00:00.0000,0.04797305236715559,5.189669487362822,1.303363129202831,100.5091003089685,272.1803071118869,44.86458459703155,5.438633773448307,4.940705201277335,4321.535857144435,0.08330371698868169,2024-06-28
2460490.5,A.D. 2024-Jun-29 00:00:00.0000,0.04805436594940667,5.189732735129704,1.303570588083008,100.5017472634665,272.110383909472,45.01355429720299,5.439122051163241,4.940343419096167,4321.614858801257,0.08330219414782784,2024-06-29
2460491.5,A.D. 2024-Jun-30 00:00:00.0000,0.04781991778235112,5.188427352012743,1.303409194469981,100.5074562900917,271.9737123756386,45.23897307646941,5.436537521405695,4.940317182619792,4319.984425616522,0.0833336337661965,2024-06-30
2460492.5,A.D. 2024-Jul-01 00:00:00.0000,0.04803497243419931,5.189214068368848,1.303754944361738,100.4952792328493,271.9778295442961,45.31200962484048,5.438477823098106,4.93995031363959,4320.967015620282,0.0833146836572927,2024-07-01
2460493.5,A.D. 2024-Jul-02 00:00:00.0000,0.04801934609598149,5.188846402019246,1.303865141639976,100.4914251887827,271.8854843961748,45.48678013324841,5.438011413236696,4.939681390801796,4320.507799829242,0.08332353896322746,2024-07-02
2460494.5,A.D. 2024-Jul-03 00:00:00.0000,0.04825332446885974,5.191056706931695,1.303603647677504,100.5005531402862,272.2895489094133,45.16352674750377,5.441542450547521,4.94057096331587,4323.268718858042,0.08327032701661236,2024-07-03
2460495.5,A.D. 2024-Jul-04 00:00:00.0000,0.04813282006324369,5.190043283394604,1.303685400672677,100.4977134995739,272.118775315876,45.41944819516146,5.439854702874682,4.940231863914526,4322.002766081253,0.0832947176307365,2024-07-04
2460496.5,A.D. 2024-Jul-05 00:00:00.0000,0.04812647676631622,5.190693829352726,1.303365308303834,100.5088316252719,272.3175382964597,45.30661262657774,5.440503635332131,4.94088402337332,4322.815403678479,0.0832790592199842,2024-07-05
2460497.5,A.D. 2024-Jul-06 00:00:00.0000,0.04815140478345656,5.190452200519974,1.30353380550425,100.5029931055332,272.2190054737776,45.48561526291713,5.440379765436394,4.940524635603553,4322.513564063554,0.08328487456765028,2024-07-06
2460498.5,A.D. 2024-Jul-07 00:00:00.0000,0.04791901033599464,5.18942819411107,1.303251754386168,100.5127416632398,272.1624699574389,45.63214028885535,5.438100457382582,4.940755930839559,4321.234466471701,0.08330952712546072,2024-07-07
2460499.5,A.D. 2024-Jul-08 00:00:00.0000,0.04806075568543476,5.189643655134346,1.303625798368344,100.4998581026756,272.0773011070426,45.79553062922062,5.439061850938223,4.940225459330469,4321.503590707339,0.08330433897454557,2024-07-08
2460500.5,A.D. 2024-Jul-09 00:00:00.0000,0.04799261157757538,5.189039391257871,1.303679404332494,100.4980290203459,271.9710238451691,45.98593133736032,5.438074943223247,4.940003839292493,4320.748841632886,0.08331889058933352,2024-07-09
2460501.5,A.D. 2024-Jul-10 00:00:00.0000,0.0482314350028446,5.191065341618172,1.303520775657012,100.5034393782034,272.315537523057,45.72113285378617,5.441437872237948,4.940692810998397,4323.279505703835,0.08327011925207264,2024-07-10
2460502.5,A.D. 2024-Jul-11 00:00:00.0000,0.04805174202251476,5.189716409183196,1.303562404394484,100.5020319192991,272.1080194782957,46.01535862532133,5.439091323247278,4.940341495119114,4321.594466306752,0.08330258722949012,2024-07-11
2460503.5,A.D. 2024-Jul-12 00:00:00.0000,0.04807635766437331,5.190427484192758,1.303317583350367,100.5103451942947,272.2907609976559,45.91741809675778,5.439964332353801,4.940890636031714,4322.482689143122,0.08328546946046081,2024-07-12
2460504.5,A.D. 2024-Jul-13 00:00:00.0000,0.04805573422170824,5.189738222730123,1.303537706104209,100.5028899080897,272.1094826049734,46.17945514582338,5.439134903441882,4.940341542018365,4321.621713287699,0.08330206202294552,2024-07-13
2460505.5,A.D. 2024-Jul-14 00:00:00.0000,0.04787790476646236,5.189081654861119,1.303256424190163,100.5123932322896,272.1010249249011,46.27677469942549,5.437524012157955,4.940639297564282,4320.801629087223,0.0833178726781888,2024-07-14
2460506.5,A.D. 2024-Jul-15 00:00:00.0000,0.04799677243722852,5.18891314613213,1.30372340048351,100.4966714133871,271.9297792410541,46.52551286761381,5.437964229603578,4.939862062660682,4320.591162112094,0.08332193130349695,2024-07-15
2460507.5,A.D. 2024-Jul-16 00:00:00.0000,0.047960286761901,5.188538080869811,1.303771706974562,100.4950599219336,271.8577833813827,46.68103023894917,5.43738185510337,4.939694306636252,4320.122718819171,0.08333096613940626,2024-07-16
2460508.5,A.D. 2024-Jul-17 00:00:00.0000,0.04826338693554268,5.190752961541946,1.303734570719858,100.4962873141678,272.1914738916265,46.42433948670882,5.441276280211659,4.940229642872233,4322.889271915024,0.08327763617237444,2024-07-17
2460509.5,A.D. 2024-Jul-18 00:00:00.0000,0.04810280653145833,5.189707823251974,1.303695037754611,100.4976168617701,272.0522215893851,46.65065587537548,5.43934733462866,4.940068311875288,4321.583741761926,0.08330279395516854,2024-07-18
2460510.5,A.D. 2024-Jul-19 00:00:00.0000,0.04820171359910199,5.190903372240532,1.303474592378013,100.5049307610128,272.298264160834,46.48780028900144,5.441113809909882,4.940692934571183,4323.077167633713,0.08327401664149571,2024-07-19
2460511.5,A.D. 2024-Jul-20 00:00:00.0000,0.04815836146610409,5.190192728322842,1.303631677655944,100.4997334128181,272.1356812288151,46.7322138952544,5.440143905812158,4.940241550833526,4322.189442571467,0.0832911201101402,2024-07-20
2460512.5,A.D. 2024-Jul-21 00:00:00.0000,0.04803808739962474,5.190139475211835,1.303263268312387,100.51189718261,272.2420241345497,46.71448471816255,5.439463848938304,4.940815101485367,4322.122922081049,0.08329240201865068,2024-07-21
2460513.5,A.D. 2024-Jul-22 00:00:00.0000,0.04809246229683393,5.189599232734833,1.30369327331541,100.4977450259506,272.0311213522787,47.00445873436213,5.439179838170811,4.940018627298855,4321.448103906814,0.08330540859082426,2024-07-22
2460514.5,A.D. 2024-Jul-23 00:00:00.0000,0.04804211441483744,5.189344283870863,1.303650856997416,100.4991423219592,272.0082209382345,47.11226540807611,5.43865135569457,4.940037212047155,4321.12965886783,0.08331154777112679,2024-07-23
2460515.5,A.D. 2024-Jul-24 00:00:00.0000,0.04832470374145587,5.191287544542202,1.303675477640936,100.498324694894,272.2843936323779,46.91287808473437,5.442154977168913,4.940420111915492,4323.557094858763,0.08326477298705826,2024-07-24
2460516.5,A.D. 2024-Jul-25 00:00:00.0000,0.04812096693489774,5.190184986956821,1.303526313947817,100.5031973515467,272.1715161896469,47.11495801077697,5.439941707100172,4.94042826681347,4322.179772514951,0.08329130645820555,2024-07-25
2460517.5,A.D. 2024-Jul-26 00:00:00.0000,0.04821681308925887,5.191249355105954,1.303361684347146,100.5085350855676,272.3821984648156,46.98719844670462,5.441554854960834,4.940943855251075,4323.509385912873,0.0832656917949512,2024-07-26
2460518.5,A.D. 2024-Jul-27 00:00:00.0000,0.0480989942185964,5.190063645124976,1.303494542476247,100.5042400584999,272.1580693231007,47.29508331408271,5.439700486385989,4.940426803863962,4322.028200418646,0.08329422745671332,2024-07-27
2460519.5,A.D. 2024-Jul-28 00:00:00.0000,0.04800838404650269,5.190162302091137,1.303150237731675,100.5153529587681,272.2763891399635,47.2645485901259,5.439333607153609,4.940990997028666,4322.151435964121,0.08329185252614743,2024-07-28
2460520.5,A.D. 2024-Jul-29 00:00:00.0000,0.04798841169142271,5.188973586976518,1.30362571153073,100.5000559535182,271.9547184407483,47.6662400113286,5.437984187724265,4.93996298622877,4320.666652180394,0.08332047551465897,2024-07-29
2460521.5,A.D. 2024-Jul-30 00:00:00.0000,0.04795555463015939,5.188771389324622,1.303613885350567,100.5004393562106,271.9291543314876,47.77607466899261,5.437601799148787,4.939940979500458,4320.414110865709,0.08332534584928122,2024-07-30
2460522.5,A.D. 2024-Jul-31 00:00:00.0000,0.04824771319704712,5.190424829641395,1.30379599394186,100.4946101341213,272.1149122932652,47.66503152213468,5.440850958192764,4.939998701090024,4322.47937315878,0.0832855333527987,2024-07-31
2460523.5,A.D. 2024-Aug-01 00:00:00.0000,0.04808040688259433,5.189641758525335,1.303613437169352,100.5004351875227,272.0552843128484,47.81334489013112,5.439161845850135,4.940121671200535,4321.501221700203,0.08330438464121631,2024-08-01
2460524.5,A.D. 2024-Aug-02 00:00:00.0000,0.04823614015950105,5.190903828619694,1.303552531418103,100.5023575892178,272.2631403165745,47.68600420129131,5.441292993251485,4.940514663987904,4323.077737754817,0.08327400565944143,2024-08-02
2460525.5,A.D. 2024-Aug-03 00:00:00.0000,0.04812334713470354,5.189838215780567,1.30364321557922,100.4994969847356,272.0688444428926,47.96437324102404,5.439590601811525,4.940085829749608,4321.746613870622,0.0832996545527639,2024-08-03
2460526.5,A.D. 2024-Aug-04 00:00:00.0000,0.04812334631398081,5.190572474973727,1.303302251853064,100.5102476637382,272.2775871170502,47.8413020749196,5.440360191754702,4.94078475819275,4322.663808478512,0.08328197980465027,2024-08-04
2460527.5,A.D. 2024-Aug-05 00:00:00.0000,0.04806819525527244,5.189254309790122,1.303718221507015,100.49717316923,271.9561237752741,48.24397964297705,5.438692399182378,4.939816220397867,4321.017278200165,0.08331371453111869,2024-08-05
2460528.5,A.D. 2024-Aug-06 00:00:00.0000,0.04807374220742937,5.18947415077111,1.303646696650988,100.4994155364076,272.013458042604,48.2707668071068,5.438951593287397,4.939996708254822,4321.291868733251,0.08330842047601168,2024-08-06
2460529.5,A.D. 2024-Aug-07 00:00:00.0000,0.04834778606934692,5.190930772114165,1.303862723215692,100.4926614020326,272.1622329674627,48.19663963937396,5.44190078258513,4.9399607616432,4323.111396336093,0.08327335731045604,2024-08-07
2460530.5,A.D. 2024-Aug-08 00:00:00.0000,0.0481913041510353,5.190533073875074,1.303547786201778,100.5024736062504,272.2002789566193,48.24852542489646,5.440671631944196,4.940394515805952,4322.614589231281,0.08328292809098697,2024-08-08
2460531.5,A.D. 2024-Aug-09 00:00:00.0000,0.04833622565009742,5.191684549761221,1.303509298446752,100.5036570764908,272.387059686202,48.14242916757276,5.442630985662604,4.940738113859838,4324.053072263177,0.08325522235359122,2024-08-09
2460532.5,A.D. 2024-Aug-10 00:00:00.0000,0.04816529502350315,5.190453861325374,1.303494666234807,100.5041199207361,272.202584009869,48.41364975717561,5.440453602861993,4.940454119788756,4322.515638696216,0.08328483459427932,2024-08-10
2460533.5,A.D. 2024-Aug-11 00:00:00.0000,0.04817949458821415,5.191263444642344,1.303167666883634,100.5141965273839,272.417607474508,48.28393569328104,5.441375893679485,4.941150995605205,4323.526987538222,0.08326535280978571,2024-08-11
2460534.5,A.D. 2024-Aug-12 00:00:00.0000,0.04802618275878136,5.189357106762646,1.303529904952946,100.5030697106606,272.0250265176107,48.76051154224211,5.43858211957261,4.940132093952682,4321.145675172355,0.08331123897729757,2024-08-12
2460535.5,A.D. 2024-Aug-13 00:00:00.0000,0.0480266236455843,5.189491664140934,1.303482816384071,100.504510929472,272.0628976890771,48.80677489521732,5.438725427206527,4.940257901075341,4321.313743911044,0.08330799875553094,2024-08-13
2460536.5,A.D. 2024-Aug-14 00:00:00.0000,0.04824575269237005,5.190287505963274,1.303814335224548,100.4943869498512,272.0798551537381,48.8643990207858,5.440696833378277,4.93987817854827,4322.307833778241,0.08328883870478858,2024-08-14
2460537.5,A.D. 2024-Aug-15 00:00:00.0000,0.04811617714661953,5.190091542490301,1.303492693090351,100.5041788138109,272.1468081042725,48.88683006058524,5.439818906555936,4.940364178424668,4322.063047783704,0.08329355588290253,2024-08-15
2460538.5,A.D. 2024-Aug-16 00:00:00.0000,0.04826715144435859,5.190984303300021,1.303586145572187,100.5013350685412,272.2557661332371,48.8569560495713,5.441538328812692,4.94043027778735,4323.178269278465,0.08327206919923838,2024-08-16
2460539.5,A.D. 2024-Aug-17 00:00:00.0000,0.04810224261090525,5.189823676006324,1.303555003746539,100.5022868728984,272.0841798890829,49.11541033730644,5.4394658335774,4.940181518435248,4321.728452270932,0.08330000461061622,2024-08-17
2460540.5,A.D. 2024-Aug-18 00:00:00.0000,0.04819042782650527,5.190933411103894,1.303326189603495,100.5091708757538,272.3123347173369,48.96960940024402,5.441086713003892,4.940780109203897,4323.11469304198,0.08327329380814653,2024-08-18
2460541.5,A.D. 2024-Aug-19 00:00:00.0000,0.04802003222373862,5.188988513180464,1.303638846541413,100.4997924851313,271.9259921795145,49.44067614691415,5.438163908791998,4.939813117568929,4320.685294941894,0.08332011600600533,2024-08-19
2460542.5,A.D. 2024-Aug-20 00:00:00.0000,0.04808492275988916,5.189533472438684,1.303615915200285,100.5004747736025,272.0187031076177,49.43024350671783,5.439071788620757,4.93999515625661,4321.365964960979,0.08330699202960254,2024-08-20
2460543.5,A.D. 2024-Aug-21 00:00:00.0000,0.04829352893530856,5.190162285696942,1.303985875843413,100.4894421376221,272.0014541091799,49.52169718138428,5.440813538220194,4.93951103317369,4322.151415485515,0.08329185292078911,2024-08-21
2460544.5,A.D. 2024-Aug-22 00:00:00.0000,0.0482339898512398,5.190655055863472,1.303586168236299,100.5013239457599,272.1935207889918,49.41812850606738,5.441021059149277,4.940289052577667,4322.766967863603,0.08327999234664253,2024-08-22
2460545.5,A.D. 2024-Aug-23 00:00:00.0000,0.04838547791806729,5.191529472740944,1.303693630077863,100.4981323937139,272.2975779224498,49.39297291396722,5.442724107405247,4.940334838076643,4323.85933275954,0.08325895277685726,2024-08-23
2460546.5,A.D. 2024-Aug-24 00:00:00.0000,0.04821699737957481,5.190662613974833,1.303529936798339,100.5029758199534,272.211155677821,49.56802892029819,5.440940779631114,4.940384448318553,4322.776409436683,0.08327981045101358,2024-08-24
2460547.5,A.D. 2024-Aug-25 00:00:00.0000,0.04832481816317095,5.191903370160929,1.303309916285792,100.5094415975558,272.4566407636018,49.40437580666286,5.442801156444711,4.941005583877147,4324.326452025343,0.08324995903845099,2024-08-25
2460548.5,A.D. 2024-Aug-26 00:00:00.0000,0.04808248837319118,5.189776174655949,1.303476656760729,100.5045612975133,272.0871512550412,49.86196728997908,5.439313527233308,4.940238822078591,4321.66911861708,0.08330114826449249,2024-08-26
2460549.5,A.D. 2024-Aug-27 00:00:00.0000,0.04813825406244035,5.190272408669185,1.303452600572898,100.5052586981036,272.1747071285253,49.8570925369045,5.440123060530977,4.940421756807393,4322.288974965993,0.08328920210681479,2024-08-27
2460550.5,A.D. 2024-Aug-28 00:00:00.0000,0.04825888641122667,5.190229209315802,1.303840504588416,100.4939579893389,272.0531363415126,50.05488336619729,5.440703891176404,4.939754527455199,4322.23501256702,0.08329024195891473,2024-08-28
2460551.5,A.D. 2024-Aug-29 00:00:00.0000,0.04821794235350087,5.190887710431008,1.303429838019294,100.5058838932788,272.2725244028614,49.92374416810885,5.441181634816068,4.94059378604595,4323.057602495846,0.0832743935200308,2024-08-29
2460552.5,A.D. 2024-Aug-30 00:00:00.0000,0.04831881987801896,5.19120878768233,1.303618899231237,100.5004059335959,272.2703577153939,50.00521411538365,5.442041870043541,4.940375705321118,4323.458706409111,0.08326666783386519,2024-08-30
2460553.5,A.D. 2024-Aug-31 00:00:00.0000,0.04814371284963647,5.190348861876065,1.303432571531551,100.5057901267291,272.190324694122,50.174540099266,5.440231527071663,4.940466196680466,4322.384476910037,0.08328736185387997,2024-08-31
2460554.5,A.D. 2024-Sep-01 00:00:00.0000,0.04827005502218999,5.191410401281269,1.303345646129209,100.5082784400373,272.3692189168096,50.07546575844097,5.442000066993885,4.940820735568653,4323.710577380386,0.08326181726486276,2024-09-01
2460555.5,A.D. 2024-Sep-02 00:00:00.0000,0.04800658701688094,5.189215230591647,1.303463045397161,100.5049270326607,271.9988707814969,50.53490327368387,5.438331743108368,4.940098718074926,4320.968467263997,0.08331465566744789,2024-09-02
2460556.5,A.D. 2024-Sep-03 00:00:00.0000,0.04810506605417574,5.18978014790424,1.303539696427849,100.5027300908885,272.0673417898641,50.5468058369981,5.439434864725824,4.940125431082655,4321.674081567449,0.08330105260261314,2024-09-03
2460557.5,A.D. 2024-Sep-04 00:00:00.0000,0.04820424886794324,5.189449138651937,1.303977249809376,100.4902849495248,271.8881957126282,50.80199001881888,5.439602636419049,4.939295640884825,4321.260627262394,0.08330902277191905,2024-09-04
2460558.5,A.D. 2024-Sep-05 00:00:00.0000,0.0482572544745909,5.190724126482142,1.303594578969842,100.5011326258217,272.1912845977752,50.58423173663648,5.441214221561189,4.940234031403095,4322.853250956651,0.08327833009837465,2024-09-05
2460559.5,A.D. 2024-Sep-06 00:00:00.0000,0.04836348384606809,5.190997042703444,1.303818267886822,100.4948080550983,272.17250801644,50.68161625454496,5.442051744323217,4.939942341083669,4323.194183816811,0.08327176265817589,2024-09-06
2460560.5,A.D. 2024-Sep-07 00:00:00.0000,0.04824106217030915,5.190720411471383,1.303549608183664,100.5023821125599,272.2045170167058,50.73858318229827,5.441126277549865,4.940314545392901,4322.848610146503,0.08327841950213459,2024-09-07
2460561.5,A.D. 2024-Sep-08 00:00:00.0000,0.04839796827016157,5.19192548069618,1.303498456605005,100.5038073758889,272.3955437254007,50.62609271629844,5.443204125371956,4.940646836020403,4324.354075788951,0.08324942724175985,2024-09-08
2460562.5,A.D. 2024-Sep-09 00:00:00.0000,0.04812466329190061,5.190057074098426,1.303443545872339,100.5053575600943,272.1240626280663,50.98883058534276,5.439826823255159,4.940287324941694,4322.019992382578,0.08329438564247471,2024-09-09
2460563.5,A.D. 2024-Sep-10 00:00:00.0000,0.04823011502212611,5.190697320951778,1.303514967480192,100.5033565138525,272.207485254383,50.98569073512358,5.441045249786323,4.940349392117232,4322.819765390382,0.08327897519166853,2024-09-10
2460564.5,A.D. 2024-Sep-11 00:00:00.0000,0.04825677398997623,5.190018487600572,1.303880420960616,100.493208105985,271.9988302287272,51.27317722616368,5.44047203676051,4.939564938440633,4321.971793113434,0.08329531455379202,2024-09-11
2460565.5,A.D. 2024-Sep-12 00:00:00.0000,0.04833976265217817,5.191557872934535,1.303483977209499,100.5041811028096,272.3464678678556,51.01029845110448,5.442516548307237,4.940599197561832,4323.894813231344,0.08325826958102248,2024-09-12
2460566.5,A.D. 2024-Sep-13 00:00:00.0000,0.04837397651103719,5.191345410881393,1.303694183840774,100.4983791466993,272.2592218335348,51.17830470247459,5.442471431848051,4.940219389914734,4323.629385918471,0.0832633808005089,2024-09-13
2460567.5,A.D. 2024-Sep-14 00:00:00.0000,0.04824708410436764,5.191175609010878,1.303373906558201,100.5071947491112,272.3230747101249,51.20447281496599,5.441634695219368,4.94071652280239,4323.417257569559,0.08326746611599933,2024-09-14
2460568.5,A.D. 2024-Sep-15 00:00:00.0000,0.04836816877767879,5.191912931590815,1.303412387422483,100.5061300768169,272.4182426440135,51.18786724582208,5.443036252545012,4.940789610636617,4324.338397576019,0.08324972906879714,2024-09-15
2460569.5,A.D. 2024-Sep-16 00:00:00.0000,0.04806819565252127,5.190029139420538,1.303275948876836,100.5098720720489,272.1640037813854,51.53507792565144,5.439504475536491,4.940553803304585,4321.985098525305,0.08329505812568276,2024-09-16
2460570.5,A.D. 2024-Sep-17 00:00:00.0000,0.04816431705253992,5.190331794053919,1.303458944044629,100.5048785783621,272.164160957448,51.61416543758209,5.440320580190609,4.940343007917228,4322.363156485106,0.08328777267589604,2024-09-17
2460571.5,A.D. 2024-Sep-18 00:00:00.0000,0.04814239814332068,5.189224131049517,1.303849151220407,100.4943005327958,271.8819045698746,51.97629309570635,5.439045825221431,4.939402436877604,4320.979584151402,0.08331444131798656,2024-09-18
2460572.5,A.D. 2024-Sep-19 00:00:00.0000,0.04829381197232869,5.190982237361303,1.303570993931402,100.5018120880953,272.2295370435257,51.70999522372123,5.441674557484127,4.940289917238478,4323.175688432534,0.083272118910931,2024-09-19
2460573.5,A.D. 2024-Sep-20 00:00:00.0000,0.04831448603683375,5.190542081935954,1.303827471761589,100.4949053494088,272.0931470120186,51.92681955698774,5.441320454877248,4.93976370899466,4322.625841946095,0.08328271128780464,2024-09-20
2460574.5,A.D. 2024-Sep-21 00:00:00.0000,0.04826040526410932,5.190883068398535,1.303517883654779,100.50321937358,272.2311411003007,51.87675113516129,5.441397188958051,4.940368947839018,4323.051803554391,0.08327450522429776,2024-09-21
2460575.5,A.D. 2024-Sep-22 00:00:00.0000,0.04840311046555452,5.191582512801957,1.303636543148318,100.5000364314529,272.2985789964788,51.88619713858387,5.442871254660151,4.940293770943764,4323.925595991731,0.08325767685126663,2024-09-22
2460576.5,A.D. 2024-Sep-23 00:00:00.0000,0.0481513158002338,5.190317611339051,1.303381451048776,100.5068513537913,272.1691231046086,52.10854007598085,5.440238233746152,4.940396988931949,4322.345440044783,0.08328811405602746,2024-09-23
2460577.5,A.D. 2024-Sep-24 00:00:00.0000,0.04826835759354812,5.190702252334673,1.303593576844371,100.5012038880908,272.1749048027501,52.18092981025882,5.441248924811999,4.940155579857348,4322.825925685384,0.08327885651396474,2024-09-24
2460578.5,A.D. 2024-Sep-25 00:00:00.0000,0.04822019872324416,5.189646274618442,1.303882936460821,100.4935520209837,271.9306408778335,52.50696794203005,5.439892049283887,4.939400499952996,4321.506862640474,0.08330427590251176,2024-09-25
2460579.5,A.D. 2024-Sep-26 00:00:00.0000,0.04842363580222998,5.1917483377826,1.30362609961265,100.5003179102079,272.3262085447803,52.19091807472041,5.443151668468217,4.940345007096982,4324.132764211254,0.08325368799486112,2024-09-26
2460580.5,A.D. 2024-Sep-27 00:00:00.0000,0.04839551826319687,5.19116815183517,1.303793836284103,100.4959130566627,272.1942144839916,52.40576647368515,5.442397424934634,4.939938878735705,4323.407941624674,0.08326764553814396,2024-09-27
2460581.5,A.D. 2024-Sep-28 00:00:00.0000,0.04836417963909639,5.191844187342471,1.303424181212389,100.5055996566226,272.4020584682569,52.28617024046508,5.4429434722773,4.940744902407641,4324.252512350491,0.08325138251566128,2024-09-28
2460582.5,A.D. 2024-Sep-29 00:00:00.0000,0.04845124135501248,5.192128337117052,1.30355124553892,100.5022757229039,272.4052729205696,52.36149150735467,5.44369340032491,4.940563273909193,4324.607516895399,0.08324454845753056,2024-09-29
2460583.5,A.D. 2024-Sep-30 00:00:00.0000,0.04819165888506186,5.191096984624906,1.30317626190997,100.5120477784786,272.3437025742202,52.51772344248342,5.441264559747222,4.940929409502591,4323.319035673692,0.08326935787747204,2024-09-30
2460584.5,A.D. 2024-Oct-01 00:00:00.0000,0.0482564129509068,5.190972819731451,1.303440970943873,100.5051715387745,272.2570570003112,52.68350439026515,5.441470547737345,4.940475091725557,4323.163923592638,0.08327234552346852,2024-10-01
2460585.5,A.D. 2024-Oct-02 00:00:00.0000,0.04814437361850527,5.189551881257963,1.303687104964308,100.4988205315012,271.9680687050379,53.05680770630881,5.439399605941864,4.939704156574063,4321.388958737605,0.0833065487595372,2024-10-02
2460586.5,A.D. 2024-Oct-03 00:00:00.0000,0.04836510829768893,5.191445623063357,1.303570694191637,100.5018063501609,272.2941237287919,52.80805234774104,5.442530452844379,4.940360793282335,4323.754579598946,0.08326096992151487,2024-10-03
2460587.5,A.D. 2024-Oct-04 00:00:00.0000,0.04829361175597342,5.190507162440247,1.303747982679431,100.4972653021198,272.1020406155731,53.08411644497522,5.441175500159734,4.939838824720761,4322.58222116672,0.08328355172451327,2024-10-04
2460588.5,A.D. 2024-Oct-05 00:00:00.0000,0.0483125264435527,5.191366911641257,1.303458189830483,100.5046719142223,272.3163951548321,52.95565826606057,5.442174962838108,4.940558860444405,4323.656246415911,0.08326286353093434,2024-10-05
2460589.5,A.D. 2024-Oct-06 00:00:00.0000,0.04838470137819365,5.191308122791544,1.30367736496976,100.4990847806428,272.2413880614309,53.10851128890459,5.442488016075004,4.940128229508083,4323.58280273663,0.08326427789751974,2024-10-06
2460590.5,A.D. 2024-Oct-07 00:00:00.0000,0.04819331327726896,5.190831800243515,1.30327354692006,100.509346488221,272.2691257188206,53.17363108662328,5.440995183362261,4.940668417124769,4322.987758283137,0.08327573894009199,2024-10-07
2460591.5,A.D. 2024-Oct-08 00:00:00.0000,0.0482659517063658,5.190571608961971,1.303610288766227,100.5008180814573,272.1411905199859,53.37939637339034,5.441099487568563,4.940043730355379,4322.662726667921,0.08328200064720344,2024-10-08
2460592.5,A.D. 2024-Oct-09 00:00:00.0000,0.04816720573874211,5.189394665874435,1.303792109444875,100.4962449343859,271.9071175049572,53.6980950992218,5.439353306405141,4.939436025343729,4321.192588118545,0.08331033451039604,2024-10-09
2460593.5,A.D. 2024-Oct-10 00:00:00.0000,0.04844556421673427,5.191487045080492,1.303770887554489,100.4967650487173,272.240076977834,53.43929484214197,5.442991564103282,4.9399825260577,4323.806327899863,0.08325997343522491,2024-10-10
2460594.5,A.D. 2024-Oct-11 00:00:00.0000,0.04837014481595744,5.190754402923177,1.303848803663117,100.4948247821834,272.1063460080577,53.65817307473637,5.44183194509664,4.939676860749715,4322.891072501163,0.08327760148527386,2024-10-11
2460595.5,A.D. 2024-Oct-12 00:00:00.0000,0.04844589814450919,5.192088754552441,1.303544724643591,100.5024018854193,272.3997283367497,53.44918526456672,5.443624157512741,4.940553351592142,4324.558063553988,0.0832455003978248,2024-10-12
2460596.5,A.D. 2024-Oct-13 00:00:00.0000,0.04848030148856862,5.191884634284238,1.303713869513122,100.4981989309553,272.3178274722405,53.61078379275075,5.443588766648205,4.94018050192027,4324.303044432315,0.083250409673187,2024-10-13
2460597.5,A.D. 2024-Oct-14 00:00:00.0000,0.04832525019044837,5.191966239144738,1.303195095479883,100.5110527411128,272.4626520569883,53.55915937612048,5.442869306631768,4.941063171657706,4324.404997448857,0.08324844694527424,2024-10-14
2460598.5,A.D. 2024-Oct-15 00:00:00.0000,0.04833790205385491,5.191336352590229,1.303503533047506,100.5034344583294,272.2859317696493,53.81593219047473,5.442274660730352,4.940398044450107,4323.618069581275,0.08326359872829021,2024-10-15
2460599.5,A.D. 2024-Oct-16 00:00:00.0000,0.04819489919649807,5.190118693700009,1.303574466056576,100.5016994257589,272.0766327881026,54.1127777607434,5.44025594096074,4.939981446439278,4322.096963195223,0.08329290227997582,2024-10-16
2460600.5,A.D. 2024-Oct-17 00:00:00.0000,0.04845037052260564,5.191804728171583,1.303653557502306,100.4997491183011,272.3210547040804,53.94205905423291,5.443349590932512,4.940259865410654,4324.203214522452,0.0832523316182209,2024-10-17
2460601.5,A.D. 2024-Oct-18 00:00:00.0000,0.04832245332247119,5.19084481699765,1.303664836346047,100.4994843515025,272.1684376606456,54.18234684477299,5.441679173371211,4.940010460624088,4323.004019059701,0.08327542570231147,2024-10-18
2460602.5,A.D. 2024-Oct-19 00:00:00.0000,0.0484106464716843,5.192071285524554,1.303447689799892,100.5047583999978,272.4231099359107,54.01078721077188,5.443422812983867,4.94071975806524,4324.536238302503,0.08324592052471959,2024-10-19
2460603.5,A.D. 2024-Oct-20 00:00:00.0000,0.04838942516567432,5.191359736214967,1.303654776044939,100.499742792834,272.2518760930686,54.26318173548385,5.442566649678635,4.940152822751299,4323.647282283775,0.08326303615817754,2024-10-20
2460604.5,A.D. 2024-Oct-21 00:00:00.0000,0.04828562712939687,5.191732585136675,1.303169756289404,100.51145849495,272.430627101402,54.17559001089649,5.442418648898125,4.941046521375226,4324.113083996729,0.08325406690503478,2024-10-21
2460605.5,A.D. 2024-Oct-22 00:00:00.0000,0.0482660946774285,5.190670733661642,1.303546151801571,100.5023974856379,272.1660633687731,54.52029785606033,5.441204138731911,4.940137328591372,4322.786552536011,0.0832796150410901,2024-10-22
2460606.5,A.D. 2024-Oct-23 00:00:00.0000,0.04814367279049327,5.189619136675469,1.30360628327653,100.5009636564241,271.9837195569779,54.78966257795206,5.439466462298855,4.939771811052083,4321.472965343643,0.08330492933475353,2024-10-23
2460607.5,A.D. 2024-Oct-24 00:00:00.0000,0.04842578031051785,5.191100169959199,1.303845167098275,100.4952472227644,272.1559054665124,54.68811259732728,5.442483246359537,4.939717093558863,4323.323014953565,0.08326928123455671,2024-10-24
2460608.5,A.D. 2024-Oct-25 00:00:00.0000,0.04832482888571701,5.190456610567581,1.303802087681233,100.4962825743911,272.0646007881955,54.86667724470136,5.441284538111998,4.939628683023163,4322.519072975084,0.08328476842375639,2024-10-25
2460609.5,A.D. 2024-Oct-26 00:00:00.0000,0.04847952590031358,5.192003985216064,1.303658327262258,100.4996809291202,272.3516856069257,54.65951086963353,5.443709876891878,4.94029809354025,4324.452155766718,0.0832475391177435,2024-10-26
2460610.5,A.D. 2024-Oct-27 00:00:00.0000,0.04845152126315611,5.191373821308496,1.303812071567579,100.496055496177,272.2080465312101,54.88520365826941,5.442903780396617,4.939843862220375,4323.664878545861,0.0832626972979172,2024-10-27
2460611.5,A.D. 2024-Oct-28 00:00:00.0000,0.04842674972839812,5.19244240789889,1.303286157961324,100.5084318072124,272.5058379364922,54.67640362303082,5.443895516865329,4.94098929893245,4324.999914766383,0.08323699586002085,2024-10-28
2460612.5,A.D. 2024-Oct-29 00:00:00.0000,0.04837070615932738,5.191291603067714,1.303586593918812,100.5013858341169,272.2477121691592,55.01671780543131,5.442398043787087,4.940185162348341,4323.562165066312,0.08326467534310994,2024-10-29
2460613.5,A.D. 2024-Oct-30 00:00:00.0000,0.04825247639610989,5.190592415252286,1.303524026595505,100.5028535090605,272.1546436000521,55.19827896163703,5.441051353251073,4.940133477253498,4322.688717639396,0.08328149989865442,2024-10-30
2460614.5,A.D. 2024-Oct-31 00:00:00.0000,0.04850047104806567,5.191715143681147,1.303809110416951,100.4962076744727,272.2604606918234,55.16365701991883,5.443515773697059,4.939914513665235,4324.091293940673,0.08325448644076185,2024-10-31
2460615.5,A.D. 2024-Nov-01 00:00:00.0000,0.04837599903085568,5.191221773449504,1.303639016891522,100.5001617276379,272.2256681394555,55.28810886826056,5.442352312930855,4.940091233968154,4323.474929065209,0.08326635539848884,2024-11-01
2460616.5,A.D. 2024-Nov-02 00:00:00.0000,0.0485211051675781,5.1925875366256,1.303546423755444,100.5022911626507,272.4725653180618,55.12096915081811,5.444537622582066,4.940637450669134,4325.181241606602,0.08323350627181507,2024-11-02
2460617.5,A.D. 2024-Nov-03 00:00:00.0000,0.04842651290992103,5.191618772082539,1.3036425364041,100.5000863872743,272.2914272787309,55.38740356918657,5.443030765572182,4.940206778592896,4323.970895099882,0.0832568046209488,2024-11-03
2460618.5,A.D. 2024-Nov-04 00:00:00.0000,0.048428098605494,5.192780296490778,1.303161467471114,100.5111173419607,272.5920296826956,55.1744718192045,5.444256772725899,4.941303820255657,4325.42208369673,0.08322887178037555,2024-11-04
2460619.5,A.D. 2024-Nov-05 00:00:00.0000,0.04830284143076719,5.191113218652492,1.303455712553478,100.5043950227357,272.2517903372987,55.59936990457008,5.441858737302224,4.940367700002762,4323.339316050528,0.08326896726877048,2024-11-05
2460620.5,A.D. 2024-Nov-06 00:00:00.0000,0.04818895076850611,5.190424382113984,1.303400979961066,100.5056448036634,272.1571926168447,55.78233781915338,5.440545487131328,4.94030327709664,4322.478814121315,0.08328554412433406,2024-11-06
2460621.5,A.D. 2024-Nov-07 00:00:00.0000,0.04840601037983423,5.190914845280527,1.303840734062412,100.4956638863401,272.1243114143745,55.88547424386941,5.442186323162012,4.939643367399041,4323.091500070985,0.08327374056137575,2024-11-07
2460622.5,A.D. 2024-Nov-08 00:00:00.0000,0.04830904469414243,5.190625903370657,1.303664747434123,100.4996477843194,272.1205492971459,55.97788813922598,5.441380082127163,4.939871724614153,4322.730550709699,0.0832806939449177,2024-11-08
2460623.5,A.D. 2024-Nov-09 00:00:00.0000,0.04848953394181189,5.191893271176311,1.303714943950155,100.4985079931181,272.3165757263645,55.85845181810644,5.44364575617128,4.940140786181343,4324.31383489383,0.08325020193841658,2024-11-09
2460624.5,A.D. 2024-Nov-10 00:00:00.0000,0.04840253869192893,5.19102869653165,1.303788456373497,100.4968688842432,272.1565616537417,56.10381779833254,5.442287663866436,4.939769729196865,4323.233727045258,0.08327100099814505,2024-11-10
2460625.5,A.D. 2024-Nov-11 00:00:00.0000,0.04849125804696095,5.192659129583205,1.303380899005614,100.5059651351049,272.5124485222676,55.8314608706739,5.444457703385731,4.940860555780678,4325.270692265567,0.08323178492475641,2024-11-11
2460626.5,A.D. 2024-Nov-12 00:00:00.0000,0.04835728327833696,5.191083968163171,1.303602941277441,100.5010293957777,272.2031539916971,56.22646583484696,5.44211068613327,4.940057250193071,4323.302774867443,0.08326967107017803,2024-11-12
2460627.5,A.D. 2024-Nov-13 00:00:00.0000,0.04829303915704711,5.190919720888136,1.303489368119177,100.5035484501725,272.2075317584602,56.30939311978531,5.441605010230075,4.940234431546196,4323.097590818972,0.08327362323823952,2024-11-13
2460628.5,A.D. 2024-Nov-14 00:00:00.0000,0.04848465424823924,5.191165378413329,1.303950728444375,100.493355070454,272.1325033511802,56.45519089501695,5.442857236931131,4.939473519895527,4323.404476903808,0.08326771226776654,2024-11-14
2460629.5,A.D. 2024-Nov-15 00:00:00.0000,0.04841704972141442,5.191401479817609,1.303657789949466,100.4998049374475,272.2418356027903,56.43483771949232,5.442753823389762,4.940049136245456,4323.699431909145,0.08326203189407196,2024-11-15
2460630.5,A.D. 2024-Nov-16 00:00:00.0000,0.04859006948663391,5.192573197745095,1.303728930186669,100.4982365992271,272.4190431176539,56.33421368585507,5.444880690237962,4.940265705252228,4325.163326199186,0.08323385103617725,2024-11-16
2460631.5,A.D. 2024-Nov-17 00:00:00.0000,0.0484677802288134,5.191794704454892,1.303673187174102,100.4994630892965,272.3069167167086,56.53483036702767,5.443429469183529,4.940159939726256,4324.190691545583,0.08325257271929566,2024-11-17
2460632.5,A.D. 2024-Nov-18 00:00:00.0000,0.04857392769956879,5.19349072689269,1.303298153052276,100.5076118561427,272.665961862089,56.25841731081672,5.445758969969156,4.941222483816223,4326.309763207608,0.08321179474053406,2024-11-18
2460633.5,A.D. 2024-Nov-19 00:00:00.0000,0.04836965162032773,5.191669964738592,1.303409090905718,100.5052161184355,272.3445328678086,56.66960006397768,5.442789232260716,4.940550697216468,4324.034850903518,0.08325557318872605,2024-11-19
2460634.5,A.D. 2024-Nov-20 00:00:00.0000,0.04829821776692005,5.191494957183777,1.303282903430034,100.507939486019,272.350785225101,56.75125908559844,5.442234911161707,4.940755003205847,4323.816212470987,0.08325978309662382,2024-11-20
2460635.5,A.D. 2024-Nov-21 00:00:00.0000,0.04841035065805082,5.190968866420389,1.303811405064898,100.4965725130001,272.1361138198275,57.038856092777,5.442265489498825,4.939672243341953,4323.158984978307,0.08327244065066612,2024-11-21
2460636.5,A.D. 2024-Nov-22 00:00:00.0000,0.04835627261098068,5.191289437022477,1.303524459375869,100.5027220373638,272.2563212776669,57.00705281029675,5.442320844241642,4.940258029803313,4323.55945908359,0.08326472745590613,2024-11-22
2460637.5,A.D. 2024-Nov-23 00:00:00.0000,0.04851000232448919,5.191962383942187,1.303731054835236,100.4983067070727,272.3207154874805,57.01818647506818,5.443824491255882,4.940100276628492,4324.40018093427,0.0832485396673495,2024-11-23
2460638.5,A.D. 2024-Nov-24 00:00:00.0000,0.04838715167304068,5.191196610620112,1.303667535772898,100.4996658045531,272.2110600972527,57.21660089281859,5.442383828382763,4.940009392857461,4323.443494057727,0.08326696081371134,2024-11-24
2460639.5,A.D. 2024-Nov-25 00:00:00.0000,0.04854392235909616,5.192872660679219,1.303449348630324,100.5042736705643,272.5290065928024,56.9773062048146,5.444955067939905,4.940790253418533,4325.537488890331,0.08322665123689728,2024-11-25
2460640.5,A.D. 2024-Nov-26 00:00:00.0000,0.04833884845457109,5.191140100727669,1.303510609683911,100.5029920943453,272.2294725034253,57.367160172296,5.442073835363191,4.940206366092148,4323.372898582273,0.08326832046295424,2024-11-26
2460641.5,A.D. 2024-Nov-27 00:00:00.0000,0.04832646626270643,5.191296244361725,1.303425224054116,100.5047820578218,272.2782208543176,57.4034757672811,5.442173247174587,4.940419241548863,4323.567963313415,0.08326456367858501,2024-11-27
2460642.5,A.D. 2024-Nov-28 00:00:00.0000,0.04841736833781395,5.190520940896405,1.303981134101334,100.4931534452727,272.0174612324813,57.73748747999144,5.441832305156922,4.939209576635887,4322.59943293831,0.08328322010519675,2024-11-28
2460643.5,A.D. 2024-Nov-29 00:00:00.0000,0.04843385801053653,5.191448112966624,1.30366564074074,100.4997273475362,272.2420770018595,57.59873278797006,5.442889973739116,4.940006252194132,4323.757690215735,0.08326091002154139,2024-11-29
2460644.5,A.D. 2024-Nov-30 00:00:00.0000,0.04859066408233904,5.19207265925436,1.303898940045878,100.4948800529535,272.2933822550283,57.62230316847337,5.444358917731285,4.939786400777434,4324.537954595789,0.0832458874866434,2024-11-30
2460645.5,A.D. 2024-Dec-01 00:00:00.0000,0.04848643044417192,5.19178433816327,1.303711877266276,100.4987549344081,272.2918123748785,57.71359788556889,5.443515428356764,4.940053247969776,4324.177740590688,0.08325282206157039,2024-12-01
2460646.5,A.D. 2024-Dec-02 00:00:00.0000,0.04866714574873233,5.193556678338608,1.30353317136972,100.5024234761947,272.6171794767164,57.46547499178662,5.446312258157615,4.9408010985196,4326.392172315047,0.08321020972247287,2024-12-02
2460647.5,A.D. 2024-Dec-03 00:00:00.0000,0.0484326740995184,5.192061961270169,1.30341784491813,100.5048011356636,272.3985079588778,57.77789911455012,5.443527406144874,4.940596516395464,4324.524588888717,0.0832461447727622,2024-12-03
2460648.5,A.D. 2024-Dec-04 00:00:00.0000,0.04842210276114638,5.192331825969722,1.303299659002758,100.5072111097142,272.4746882122275,57.78724347109132,5.443755451216798,4.940908200722645,4324.86175311231,0.08323965494178683,2024-12-04
2460649.5,A.D. 2024-Dec-05 00:00:00.0000,0.04842467827495422,5.191033958322115,1.303803574926921,100.4969589833399,272.143333131163,58.19608497843254,5.442408107668227,4.939659808976004,4323.24030029608,0.08327087438913473,2024-12-05
2460650.5,A.D. 2024-Dec-06 00:00:00.0000,0.04845167824505415,5.192070699991301,1.303480912223492,100.5034971415285,272.3878891539429,58.03713163703745,5.443635238972852,4.940506161009749,4324.535506756392,0.08324593460674742,2024-12-06
2460651.5,A.D. 2024-Dec-07 00:00:00.0000,0.04854814035825011,5.192104251483609,1.303765515332687,100.4977485599029,272.3315590565326,58.17007375543222,5.444171257439303,4.940037245527915,4324.577424960877,0.08324512770244988,2024-12-07
2460652.5,A.D. 2024-Dec-08 00:00:00.0000,0.04843413518298003,5.191834970328227,1.303548201323066,100.5021246796022,272.3403758078667,58.25200181958166,5.443297007128827,4.940372933527626,4324.240997170758,0.08325160420881698,2024-12-08
2460653.5,A.D. 2024-Dec-09 00:00:00.0000,0.04860864427575774,5.193163186509825,1.303524259242954,100.5025931148929,272.5583898753425,58.10955501509542,5.445595808508844,4.940730564510806,4325.90049546606,0.08321966729870761,2024-12-09
2460654.5,A.D. 2024-Dec-10 00:00:00.0000,0.04836488974051872,5.191718776612417,1.303355122943274,100.5059791117425,272.3565241266807,58.40627759689622,5.442815682807058,4.940621870417777,4324.095832651518,0.08325439905416006,2024-12-10
2460655.5,A.D. 2024-Dec-11 00:00:00.0000,0.0483817744480675,5.191916742638317,1.3033395474464,100.5062815188852,272.3955246685373,58.45034132466174,5.443110887433788,4.940722597842846,4324.343158902612,0.0832496374065182,2024-12-11
2460656.5,A.D. 2024-Dec-12 00:00:00.0000,0.04834846109315941,5.190263366060545,1.30386510663074,100.4958899379873,271.9995609815408,58.92495679324113,5.441204612477775,4.939322119643316,4322.277679388172,0.08328941976975407,2024-12-12
2460657.5,A.D. 2024-Dec-13 00:00:00.0000,0.04844644920578019,5.191611052170757,1.30362708253784,100.5005742799041,272.2748284754167,58.73110463553166,5.443126173305914,4.940095931035601,4323.961250518035,0.0832569903249873,2024-12-13
2460658.5,A.D. 2024-Dec-14 00:00:00.0000,0.04854170127214503,5.191477727665945,1.303962867486835,100.4939864113771,272.178842132974,58.90284969888755,5.4434808886833,4.939474566648589,4323.794687686505,0.0832601975818195,2024-12-14
2460659.5,A.D. 2024-Dec-15 00:00:00.0000,0.04848577333059768,5.191766820103466,1.303703590059522,100.4990563564139,272.2884587614738,58.88213622881322,5.443493649328321,4.940039990878613,4324.155854721948,0.08325324342943893,2024-12-15
2460660.5,A.D. 2024-Dec-16 00:00:00.0000,0.0486865287297245,5.193093780144318,1.303758491566159,100.4979781005528,272.4896677304288,58.75429677278161,5.445927489667468,4.940260070621169,4325.81377259111,0.08322133566659859,2024-12-16
2460661.5,A.D. 2024-Dec-17 00:00:00.0000,0.04847098239239929,5.192269531106509,1.303433263639148,100.5042929800699,272.4237731411947,58.91586283661643,5.443943936125365,4.940595126087654,4324.783922224685,0.08324115296257731,2024-12-17
2460662.5,A.D. 2024-Dec-18 00:00:00.0000,0.04850981301784443,5.192677128279062,1.303403368408394,100.5048623448402,272.5010664433349,58.92086150809266,5.444572924833917,4.940781331724207,4325.293180540999,0.08323135218199751,2024-12-18
2460663.5,A.D. 2024-Dec-19 00:00:00.0000,0.04842092687973414,5.190956099224605,1.303798182220121,100.4972807900337,272.1264324196777,59.37819912399354,5.44230700494107,4.93960519350814,4323.143035764012,0.08327274786465133,2024-12-19
2460664.5,A.D. 2024-Dec-20 00:00:00.0000,0.04854425859944538,5.192517814023121,1.303558042573884,100.5018704676345,272.4384118160552,59.14659652648888,5.444584741569288,4.940450886476956,4325.094128425188,0.08323518270597263,2024-12-20
2460665.5,A.D. 2024-Dec-21 00:00:00.0000,0.04857680135445716,5.192048011241679,1.303842235220288,100.4964553245439,272.2999654918741,59.36406084954879,5.444261096106571,4.939834926376788,4324.507160205907,0.08324648027241534,2024-12-21
2460666.5,A.D. 2024-Dec-22 00:00:00.0000,0.04852232014472473,5.192532364256934,1.303523368833799,100.5025108406962,272.4567716679402,59.297096985354,5.444486081997253,4.940578646516614,4325.112307806703,0.0832348328505159,2024-12-22
2460667.5,A.D. 2024-Dec-23 00:00:00.0000,0.0486766992352469,5.193314405227755,1.30365669101161,100.4999823593489,272.5525972366477,59.27573921021105,5.446107808565102,4.940521001890408,4326.089444435705,0.08321603254482833,2024-12-23
2460668.5,A.D. 2024-Dec-24 00:00:00.0000,0.04845202541249249,5.192657518711568,1.30324338922243,100.5077751975726,272.5326958927758,59.39299425060614,5.444252292766552,4.941062744656586,4325.268679581365,0.0832318236551362,2024-12-24
2460669.5,A.D. 2024-Dec-25 00:00:00.0000,0.04847340752662543,5.192704212429007,1.303297796317765,100.5067468209512,272.5307909317474,59.4768887500737,5.444412279883302,4.940996144974712,4325.327020612002,0.08323070100467515,2024-12-25
2460670.5,A.D. 2024-Dec-26 00:00:00.0000,0.04832843332851718,5.190626236888614,1.303661682539285,100.4999618428014,272.1026507245149,59.99067761697269,5.441481070911338,4.93977140286589,4322.730967338149,0.0832806859182543,2024-12-26
2460671.5,A.D. 2024-Dec-27 00:00:00.0000,0.04848512614518421,5.192043643689321,1.303569236951998,100.5016712734682,272.3578298435092,59.81242806558235,5.443780534704901,4.940306752673743,4324.501703541958,0.08324658531297238,2024-12-27
2460672.5,A.D. 2024-Dec-28 00:00:00.0000,0.04849178342355289,5.191227364700352,1.30389798519244,100.4955913829045,272.1500711542996,60.09959705075599,5.442959237771822,4.939495491628882,4323.481914021861,0.08326622087453464,2024-12-28
2460673.5,A.D. 2024-Dec-29 00:00:00.0000,0.04849578158769934,5.192012332752559,1.303634422105731,100.5004482015813,272.343596642366,59.99263176319973,5.443803028842369,4.940221636662748,4324.46258484289,0.08324733835408568,2024-12-29
2460674.5,A.D. 2024-Dec-30 00:00:00.0000,0.04865571573765683,5.192522389876513,1.30388258601868,100.4958888704817,272.3699173150086,60.03895720785373,5.445168283239762,4.939876496513263,4325.099845594113,0.08323507268085946,2024-12-30
2460675.5,A.D. 2024-Dec-31 00:00:00.0000,0.04849637438426935,5.192525779087675,1.303405238129715,100.5046198649852,272.4703083323222,60.03382685038475,5.444344453270281,4.94070710490507,4325.104080148526,0.08323499118838254,2024-12-31
2460676.5,A.D. 2025-Jan-01 00:00:00.0000,0.04854668932907493,5.192671773741043,1.303499848223123,100.5028904306622,272.4751975083733,60.10896903557371,5.444758797128707,4.940584750353381,4325.286490367444,0.08323148092079725,2025-01-01
2460677.5,A.D. 2025-Jan-02 00:00:00.0000,0.04839386972913803,5.190876730463771,1.303733825256849,100.4986613906419,272.123348190607,60.5485176531917,5.442083342737848,4.939670118189692,4323.043886054154,0.08327465773857526,2025-01-02
2460678.5,A.D. 2025-Jan-03 00:00:00.0000,0.04859232616006646,5.192489853582113,1.303690234455928,100.499436975421,272.4014895957138,60.34467137474912,5.44480501413021,4.940174693034015,4325.059194107933,0.08323585501221144,2025-01-03
2460679.5,A.D. 2025-Jan-04 00:00:00.0000,0.04856808044454913,5.191720385629516,1.303912600748428,100.4954502591511,272.2257150113345,60.6024746676791,5.443872278964376,4.939568492294655,4324.097842836864,0.08325436035087926,2025-01-04
2460680.5,A.D. 2025-Jan-05 00:00:00.0000,0.0486031993293379,5.192896366750635,1.303601612174772,100.5010085641402,272.4961314449679,60.41792618428383,5.445287743960411,4.94050498954086,4325.567108801415,0.08322608133104506,2025-01-05
2460681.5,A.D. 2025-Jan-06 00:00:00.0000,0.04871275078755891,5.19307067981664,1.303838934495648,100.496780285524,272.4717094553785,60.51750446327289,5.446039437664727,4.940101921968552,4325.784908986276,0.0832218909572099,2025-01-06
2460682.5,A.D. 2025-Jan-07 00:00:00.0000,0.04856906121653484,5.193504714573133,1.303253191644929,100.5071720707667,272.6675036420263,60.41784866828446,5.445748362983598,4.941261066162667,4326.327241359314,0.0832114585689291,2025-01-07
2460683.5,A.D. 2025-Jan-08 00:00:00.0000,0.04857720563818171,5.193306102888496,1.303357758550527,100.5053193712048,272.6133144339975,60.55389403627199,5.445582401390534,4.941029804386458,4326.079070526558,0.08321623209632685,2025-01-08
2460684.5,A.D. 2025-Jan-09 00:00:00.0000,0.04836981340212879,5.191408048508993,1.303479841900046,100.50318371401,272.2692653307464,60.98978447759222,5.442515487109683,4.940300609908302,4323.707638090934,0.08326187386688161,2025-01-09
2460685.5,A.D. 2025-Jan-10 00:00:00.0000,0.04855607409560801,5.192578451208999,1.303566167743537,100.501661531571,272.4461003287981,60.88613689315646,5.44470967523316,4.940447227184839,4325.169890024373,0.0832337247214979,2025-01-10
2460686.5,A.D. 2025-Jan-11 00:00:00.0000,0.04848222081168745,5.19146208379163,1.303770352336116,100.4981129790142,272.2146331958487,61.20211270438606,5.443155694873519,4.939768472709742,4323.77514387261,0.08326057392465702,2025-01-11
2460687.5,A.D. 2025-Jan-12 00:00:00.0000,0.04854581491619055,5.192586440582466,1.303560517235305,100.5017471143231,272.4547102356497,61.04530654526359,5.444664780863302,4.940508100301629,4325.179872178088,0.08323353262501659,2025-01-12
2460688.5,A.D. 2025-Jan-13 00:00:00.0000,0.0486217517163012,5.192238911975824,1.303891763620905,100.4960285099681,272.3232077237431,61.25233823685127,5.444694663205632,4.939783160746017,4324.745667008517,0.08324188928525286,2025-01-13
2460689.5,A.D. 2025-Jan-14 00:00:00.0000,0.04854199695652248,5.193069357918715,1.30333947695035,100.5055246366619,272.575592754614,61.09267660948635,5.445151314885814,4.940987400951615,4325.783257291328,0.08322192273346142,2025-01-14
2460690.5,A.D. 2025-Jan-15 00:00:00.0000,0.04855711880974141,5.192678498086483,1.303524137597503,100.5023593446029,272.469963228367,61.27864525465507,5.444820004858856,4.940536991314109,4325.294892033628,0.08323131924786253,2025-01-15
2460691.5,A.D. 2025-Jan-16 00:00:00.0000,0.04837074073787884,5.191122503202779,1.303573534251558,100.5015276071569,272.1966707954509,61.64379590356292,5.442220943943769,4.940024062461789,4323.35091479945,0.08326874387357,2025-01-16
2460692.5,A.D. 2025-Jan-17 00:00:00.0000,0.04859230226965388,5.192215840801135,1.303783837170664,100.4979495911677,272.3351208790438,61.57504847828753,5.444517562386629,4.939914119215641,4324.716842202794,0.08324244410337718,2025-01-17
2460693.5,A.D. 2025-Jan-18 00:00:00.0000,0.04852533890157858,5.191373648578411,1.303900215992284,100.4959945291376,272.1673205573932,61.82799517408423,5.443286814240402,4.93946048291642,4323.664662757029,0.08326270145345692,2025-01-18
2460694.5,A.D. 2025-Jan-19 00:00:00.0000,0.04864473400710561,5.19287129008493,1.303714670350985,100.4991050275715,272.4657459083664,61.6097651481571,5.445477132724246,4.940265447445614,4325.535776382541,0.08322668418687063,2025-01-19
2460695.5,A.D. 2025-Jan-20 00:00:00.0000,0.0486937728841287,5.192476573947132,1.303991629323837,100.49447566724,272.3401456736153,61.81290368324296,5.445317848945074,4.939635298949191,4325.042602307391,0.08323617432298623,2025-01-20
2460696.5,A.D. 2025-Jan-21 00:00:00.0000,0.04866864121814885,5.19393386034188,1.303371667259309,100.5047991786101,272.7121452780984,61.53197740048506,5.446715563901653,4.941152156782106,4326.863487156275,0.08320114583430066,2025-01-21
2460697.5,A.D. 2025-Jan-22 00:00:00.0000,0.04864918287584875,5.193442146624078,1.303497545655403,100.5027097590377,272.6028732120736,61.7239790569414,5.446098863370333,4.940785429877824,4326.249060451999,0.08321296230744234,2025-01-22
2460698.5,A.D. 2025-Jan-23 00:00:00.0000,0.04844256741299516,5.192198850519477,1.30338502586373,100.5045759338181,272.4182731427029,62.0037058829473,5.443722293357443,4.940675407681512,4324.695614821447,0.08324285269146353,2025-01-23
2460699.5,A.D. 2025-Jan-24 00:00:00.0000,0.04862693876822342,5.192839972403441,1.303659632152911,100.5000535824365,272.4684632954661,62.02420746531849,5.445351883774685,4.940328061032195,4325.496646138433,0.08322743709011735,2025-01-24
2460700.5,A.D. 2025-Jan-25 00:00:00.0000,0.04851434959637269,5.191932901293264,1.303673822926023,100.4998311750409,272.3111269544115,62.27025607950251,5.443816149147515,4.940049653439012,4324.363346713823,0.08324924876480877,2025-01-25
2460701.5,A.D. 2025-Jan-26 00:00:00.0000,0.04863137202319206,5.193197845566082,1.303569621318009,100.5015187323725,272.5540704605912,62.10661865066827,5.445750181983845,4.940645509148318,4325.943801984671,0.08321883419632913,2025-01-26
2460702.5,A.D. 2025-Jan-27 00:00:00.0000,0.04861710533437888,5.192307673694516,1.303851967343173,100.4969506596734,272.3445226843263,62.39688686247721,5.444742642795026,4.939872704594007,4324.831577326173,0.0832402357325022,2025-01-27
2460703.5,A.D. 2025-Jan-28 00:00:00.0000,0.04863072464076549,5.193855936467997,1.303310932109615,100.5056713715442,272.7151711786438,62.11447371735019,5.446436914338177,4.941274958597818,4326.766114516636,0.08320301825240149,2025-01-28
2460704.5,A.D. 2025-Jan-29 00:00:00.0000,0.04857952184714624,5.192951810180873,1.303489244932696,100.5028091639883,272.5232049370346,62.39000386936893,5.445222926094733,4.940680694267015,4325.636383701616,0.08322474846855572,2025-01-29
2460705.5,A.D. 2025-Jan-30 00:00:00.0000,0.04839262882058846,5.191909634005876,1.303355070496754,100.5049599626353,272.3745377785548,62.63322916801689,5.443159789794359,4.940659478217392,4324.334277744534,0.08324980838154979,2025-01-30
2460706.5,A.D. 2025-Jan-31 00:00:00.0000,0.04857404192487317,5.192063374841354,1.303789128356756,100.4980492475696,272.3093718139033,62.76702525348861,5.444262878887497,4.93986387079521,4324.526354956939,0.0832461107763522,2025-01-31
2460707.5,A.D. 2025-Feb-01 00:00:00.0000,0.04848410460337191,5.191392209521796,1.303772026606702,100.4983288512295,272.1958310290986,62.96842752824409,5.44309221244538,4.939692206598211,4323.687850656471,0.08326225491633045,2025-02-01
